,User,Join Date
0,Marcello,2008-02-14
0,Bob,2008-02-24
0,Giorgia%2520Palmas,
0,tempo,2010-09-23
0,italia,2009-05-12
0,google,2011-08-30
0,cannavaro,
0,verona,
0,benessere,
0,postali,
0,digitali,
0,sardinia,2009-09-02
0,plain,
0,Buy%2520Zanaflex,
0,Hillari,
0,Generic%2520Celexa,
0,Matthew,2008-02-12
0,Sam,2008-05-17
0,Sofia,2009-04-25
0,Chxta,
0,Laurie,2008-09-09
0,EL%2520pibe,2011-07-13
0,Inara,
0,Anthony,2008-12-11
0,rossi82,
0,Michael,2011-08-25
0,Ian,2008-05-11
0,agim,
0,Jina,
0,Gianluca%2520Stoppani,
0,johann,2008-06-10
0,Daniel,2008-08-03
0,Charlie,2011-08-26
0,SoloJuve,
0,Nakis,
0,Mike,2008-10-24
0,stefano,2011-02-05
0,Gianluca,
0,KJ%2520Ventimiglia,
0,Gianfranco,2011-08-30
0,ACM,2008-12-02
0,cmgmflgzcx,
0,Aaron,2009-09-14
0,Juan%2520Sebastian%2520Rohrma,
0,Sebastian,
0,sofia,2009-04-25
0,Antony,2009-04-12
0,Zuko,2011-10-04
0,JAmie,2011-08-26
0,kevin,2011-08-22
0,gianfranco%2520z,
0,daniel,2008-08-03
0,Danilo,2010-06-12
0,tiawo,
0,mikey,2008-04-26
0,Hashim%2520Azzouz,
0,remo%2520scalzo,
0,Joe,2014-06-06
0,Marat,
0,mick,2011-09-15
0,mukumsplau,
0,mike,2008-10-24
0,Juvetifo,
0,kha,2013-09-05
0,Armon%2520Edu%2520Martin,
0,marjo,2012-04-15
0,steve,2008-03-14
0,chris%2520g,2009-11-09
0,Sajid%2520Hussain,
0,"Tarek,%2520Syrian,%2520UAE",
0,Marco,
0,marco,
0,andres%2520gonzales,
0,juventino,2010-08-20
0,Marco420,
0,paul,2011-08-19
0,kris,2011-09-03
0,David%2520Beckham,2017-01-01
0,chris,2012-01-17
0,rickard,2012-02-13
0,bleeding_eyelids,
0,Massaer,
0,Lou,2011-08-26
0,Len%2520Pennant,
0,Juan%2520Rohrmann,
0,GioStoppani,
0,Bianco,2015-03-21
0,Stefan,2011-10-22
0,xcen3x,
0,roberto,2008-03-26
0,Maximus,2011-08-27
0,adam,2011-08-18
0,deb,2008-03-26
0,Chico,2011-09-01
0,Ultra%2520Serb,
0,BIanco,2015-03-21
0,Vlad,2008-03-26
0,Bashar,2013-08-30
0,Soumi,2011-05-24
0,Asmah,
0,R.%2520J.,
0,mele419,
0,Martha,2008-10-02
0,R.J.,2009-05-20
0,Nolan,2014-06-26
0,Musab,
0,patcook,2012-03-25
0,Mick,2011-09-15
0,Thierry,2010-01-08
0,Joba,2012-11-27
0,kashmar,
0,joba,2012-11-27
0,BIanco%2520(nero),
0,Juan,
0,Vin,
0,dario,2008-05-20
0,NgocKaka,
0,McLaren,2010-02-04
0,Tom%2520Fitzgerald,2017-03-14
0,romabaha,2012-05-08
0,fatlum,
0,Steven,2014-06-04
0,Pasha,2011-02-03
0,Alessio,
0,Lupo562,
0,Rosanero,
0,ThisThingOfOurs,
0,Alessandro,2008-10-25
0,Mikahn,
0,Giovanni,2008-07-09
0,kayla,2009-08-12
0,juventina%2520per%2520sempre,
0,alessa,
0,kleo,
0,alessandro,2008-10-25
0,fotis,
0,Elisa,2012-08-19
0,Chen%2520Ke,
0,ricci,2011-08-12
0,jiji,
0,kd,2008-09-10
0,bamke,
0,-a,
0,max,2011-08-16
0,mctalian,
0,Jão,
0,c0dec,
0,long,2009-06-08
0,Andri,
0,Allesandro,
0,adfad,
0,moka,
0,Daniele,2009-09-10
0,Johonna,2011-08-27
0,MIkeDG,2017-02-21
0,Gabriella%2520(ASR),
0,Sterling,
0,Fetyani,
0,masoneria,
0,Dave,2011-05-10
0,Avia,2012-03-23
0,Deb,2008-03-26
0,brad,2014-07-25
0,jana,
0,Francesco,
0,sally,2011-09-12
0,LorenzoRosanero,
0,matt,2011-08-17
0,Gabriella,
0,vialli,2013-03-21
0,rainnuo,
0,muhanad,
0,robert,2008-02-12
0,ordeal_rules%2520(JCS),
0,Tick%2520Tick%2520Tick,
0,stephanie,2011-08-18
0,brief,2011-07-09
0,Sally,2011-09-12
0,CMP,2009-01-09
0,Anna%2520Italia,
0,Mike%2520Crowl,
0,Jimbo,2011-08-18
0,CSD,2008-11-06
0,Kamran,2010-05-24
0,Luca,2011-12-24
0,alessio,
0,Dennis,
0,Dario,2008-05-20
0,Marco%2520P.,2011-08-22
0,Andrew,2008-02-12
0,Corey,2011-08-25
0,tonigol,
0,lamagica,2013-02-19
0,Dhaw,2012-02-18
0,Julian%2520J,
0,DeGuilio,2012-05-28
0,suiseiseki,
0,kirby,
0,MikeDG,2017-02-21
0,Ara,2010-12-04
0,jim,2011-08-19
0,Robbie%2520(ASR),
0,ozzman,2010-01-13
0,Fortunato,2013-04-13
0,DANIEL,2008-08-03
0,Gregorio%2520[juve],
0,Kevin,2011-08-22
0,Gregorio,2014-01-31
0,Julian,
0,Hana,2009-04-01
0,tacobellmanager,
0,A.A.S.,
0,JinLA,
0,Hamit,
0,theo,2011-10-23
0,salvatore,2012-04-01
0,SGM,2010-06-03
0,Ozz,2010-01-14
0,RomaShield27,
0,Bonnie,2009-07-23
0,Colin,2008-02-12
0,munichsoul,
0,Bruno,2014-06-13
0,shehan,
0,JUNGAR,
0,tom,2011-09-04
0,kat,2011-09-18
0,BigDawg%25204%2520Milan,
0,ebe,2011-12-03
0,Naser,
0,Juventina,
0,juventus2008,
0,Milanista,2012-07-25
0,Juventino,2010-08-20
0,tito,2011-10-11
0,Anthony%2520Palermo,
0,Alberto,2008-07-30
0,JUVENTUS$FOREVER,
0,Angharad,
0,Forza%2520Juve,
0,old%2520apple,
0,Giro,
0,calcio-calcio,
0,KJ,2011-09-22
0,Il%2520Divin%2520Codino,
0,Rob,2008-05-31
0,Edgar,2008-10-24
0,Arsen,
0,Samuel%2520(A.C.M),
0,Nazmy,
0,Fatlum,
0,Rafo,
0,Goose,2008-02-12
0,Juventuz,2016-08-04
0,italy_win_euro,
0,k13,2012-02-03
0,ordeal_rules,
0,Samuel,2011-08-28
0,michele,2011-09-27
0,RyanJ,2010-07-03
0,RomaChris%2520needs%2520to%2520gr,
0,francois,2008-05-15
0,Ian%2520Rose,2010-08-05
0,Bashar%2520Beiruti,
0,tifoso,2012-09-23
0,Sushan[ACM],
0,MAD,2008-06-08
0,calisi,
0,Corbin,2008-06-24
0,Nedved's%2520Hair,
0,Vidal%2520Sassoon,
0,Nick,2008-02-12
0,Join%2520soccerfanbase.c,
0,giuseppe,2011-10-02
0,sushan[ACM],
0,ursus%2520arctos,
0,Karpacz%2520TanieNoclegi,
0,Bang,2011-03-11
0,georgeak,
0,Jean-Michel,
0,toto,2011-09-18
0,Neo,2008-04-23
0,kari,2009-03-04
0,Grappiolo,
0,Italian,2010-01-07
0,goose,2008-02-12
0,mike%2520de%2520robbio,
0,Ush,
0,JC,2011-08-29
0,Nicole%2520Roubalová,
0,PoketKings,
0,Giampiero,
0,Antonio,2011-09-24
0,Sean%2520(JUVE),
0,pat,2011-09-22
0,John,2008-03-30
0,Ben,2008-10-26
0,Juve%2520Bob,
0,niki,2009-10-08
0,sez,
0,sean,2008-05-06
0,Enrico,
0,Perry%2520Groves,
0,Marco%2520Pantanella,
0,JuventusDOC,
0,Samson,2008-04-06
0,As,
0,Thiago,2008-04-27
0,CMP%2520(ASR),
0,Gago,
0,enzo%2520scia,
0,Jim,2011-08-19
0,Colombina,
0,Nnahoj,
0,Nina,
0,rasko,
0,k,
0,kamal,2012-01-03
0,Moka,
0,Al,2011-08-29
0,Ricardo,2008-08-14
0,Boricua,2008-03-29
0,Hawk,2014-08-30
0,gaston,2008-10-24
0,surendra,
0,Kyle,2011-08-23
0,Pablo,2008-09-29
0,Dennis%2520Robert,
0,JP,2008-02-12
0,Oliviero,2012-03-07
0,asem,2012-03-20
0,Romanista,2012-02-28
0,rick,2008-05-04
0,vin,
0,Matt,2011-08-17
0,jasperaldo%2520(The%2520Bapti,
0,enrico,
0,Stasio,
0,Pasquale,2014-11-27
0,Jeremy,2008-04-17
0,Vinny,2011-09-10
0,jed,2008-11-10
0,Caroe,
0,Mostafa,
0,Paolo,2008-07-17
0,-nickt.-,
0,lorenzo,2014-06-17
0,matthew,2008-02-12
0,guly,2011-07-27
0,bekhele,2014-09-04
0,Vincenzo,2011-06-15
0,Giuseppe,2011-10-02
0,Rinaldo,2012-03-03
0,Del%2520Piero_JR,
0,yousef,2012-06-11
0,Jerry,2008-06-26
0,Your%2520Lord%2520and%2520Master,
0,moka%2520(ACM),
0,Alvo,2016-04-05
0,Avia%2520(ACM),
0,yasin,2011-02-03
0,zen,2011-09-02
0,alessandro%2520d'agostino,
0,avia,2012-03-23
0,Fadayn,2012-03-04
0,HBW,2010-07-04
0,anthony,2008-12-11
0,Tom,2011-09-04
0,maresca,
0,j,
0,Juventus%2520Shirts,
0,Rami%2520Taibah,
0,ben,2008-10-26
0,Jay,2008-02-12
0,Joe%2520C,2012-01-25
0,ana,2011-08-31
0,David,2014-06-04
0,matthewpyke@gmail.com,
0,justin,2010-03-27
0,sorry%2520guys.%2520i'll%2520post,
0,Laura,2008-03-15
0,mimo,
0,SERIE%2520A%2520FANTASY,
0,Chris,2012-01-17
0,Vincent,2008-04-16
0,MoMONEY,2009-04-13
0,Elio,2013-10-15
0,James,2011-08-20
0,Muhammad,2011-06-22
0,salah%2520awwad,
0,kashif,2009-11-17
0,Dumitru,2012-05-11
0,alex,2009-06-15
0,Sexy%2520Mexy,
0,s,
0,Asaf,2010-02-17
0,Alex,2009-06-15
0,oossSS,
0,UL,2009-04-21
0,CUCS,2018-05-20
0,Joseph%2520C,2010-02-10
0,Adnan,2010-04-25
0,ravi,2009-04-05
0,asem%2520ICS%2520(ICS%2520is%2520not,
0,adam%2520d,2008-12-18
0,Ravi,2009-04-05
0,Bobo,2011-10-20
0,gianfranco,2011-08-30
0,Alfredo,2008-06-13
0,Joseph,2011-08-19
0,Simon,2011-09-16
0,juve,2010-02-09
0,Mostafa%2520EGY,
0,yuo,
0,Atlético%2520Al,
0,Adam%2520Bader%2520of%2520Realmad,
0,bruno%2520s,
0,Neil,2008-03-26
0,Tommy%2520Wong,
0,alessio%25202,
0,Dav,
0,Pauly%2520WalNuts%2520(ASR)%2520(,
0,CMP%2520(ASR)%2520(Denmark),
0,J,
0,Gaston,2008-10-24
0,A.%2520Tarantino,
0,Fozz,2008-12-11
0,Mikhail,2011-12-19
0,Dago,2014-09-28
0,Weston,2009-02-08
0,Football%2520Shirts,
0,Kurdt,2012-02-19
0,ZZZ,
0,Andres,2008-11-12
0,tony,2008-02-14
0,gregor,2011-09-23
0,Armando,
0,Traian,
0,Javier,2008-06-10
0,mickey,2011-09-26
0,Kasia,2010-07-14
0,Ranjeet,2012-10-04
0,Justin,2010-03-27
0,Mat,
0,S+ef@n,
0,Stefano,2011-02-05
0,A,
0,Jock%2520Stein,
0,Milos,
0,Jad,2008-08-22
0,Vialli,2013-03-21
0,cathal,2011-11-21
0,marto_juve,
0,Talal,2010-04-02
0,Michaelo,2011-12-09
0,del%2520mansour,
0,lindaa,
0,Hussein,
0,Adam%2520Digby,
0,kike78,
0,ASEM,2012-03-20
0,jasperaldo%2520(ASR%2520from%2520,
0,lamagica%2520is%2520the%2520hallu,
0,Relegate%2520Roma,
0,Carliona%2520(Carly)%2520Troc,
0,Hala,
0,cha,2010-02-28
0,Lev%2520Lucien,
0,Ro,2008-07-29
0,Christoph,2008-03-27
0,Minh%2520Nguyuen%2520Duc,
0,fetyani,
0,James%2520Davies,
0,Nicoli,
0,gio,2009-09-16
0,BigDawg4Milan,2014-06-16
0,mohd,
0,zolathehammer,
0,Someone%2520who%2520wont%2520vis,
0,del-mansour,
0,michael,2011-08-25
0,ooBia,
0,sam,2008-05-17
0,Sambit%2520Mishra,
0,juve%2520delpiro,
0,British,2010-10-12
0,thien%2520an,
0,Mad...you're%2520MAD,
0,sofia%2520dreams%2520of%2520amaur,
0,maria,2011-11-02
0,buffoniloveyoubut....,
0,adissjuve,
0,Brian,2008-02-12
0,hant00,2011-08-20
0,aldo,2008-04-14
0,someone,
0,someone%2520else,
0,Eriam,
0,roma123,
0,karl,2011-08-26
0,al,2011-08-29
0,sissoko%2520man%2520love,
0,Anon,2011-09-14
0,Jack,2008-02-12
0,Faisal,
0,Nino,2014-11-23
0,avia(ACM),
0,"al,",
0,Huntelaar,
0,juvefan,2011-07-30
0,Bosco,
0,jimmy,2012-07-12
0,henrik,2008-12-25
0,SCUDETTO-IS-OVER-WAKE,
0,Interista,2012-09-28
0,HolyMann,
0,Jar-Jar%2520Bling,
0,Ozzy,
0,DanS,2008-04-18
0,Mo,2008-03-22
0,arthurfonzarelli,
0,Steve,2008-03-14
0,antonia,2015-04-18
0,Sam%2520Dj,
0,wtf%2520Iaquinta,
0,p13ro,
0,chell,2013-05-02
0,Soccer%2520Jersey,2012-06-18
0,urim,
0,World%2520Soccer%2520Rankings,
0,Geoff,2011-09-30
0,Sky,
0,khaniv13,2012-03-08
0,tanisha,2014-09-14
0,ozshimy,
0,sergio,
0,juventina,
0,incredible%2520cock,
0,Pauly%2520WaLNuts%2520(AS%2520Rom,
0,mac,2011-08-26
0,juventini,
0,Atido,
0,San,2008-07-16
0,benji,
0,Drabik,
0,Pete,2008-08-18
0,i%2520just%2520want%2520to%2520beat%2520,
0,intercheats,
0,Nicoli%2520(ASR),
0,cris,
0,Juventini4lyfe,
0,Smirnoff%2520triple%2520disti,
0,Amir,2008-10-25
0,serious%2520things,
0,cap123,
0,Michele,2011-09-27
0,Gigi,2011-08-19
0,Peter%2520Stamelman,
0,alez,
0,tHOMAS,2011-09-10
0,Arto,2012-06-05
0,hike,
0,Franco,2009-03-05
0,Jorid,
0,zakira,
0,Ev,2009-06-11
0,Kabir,
0,dave,2011-05-10
0,internisti,
0,georges,2010-04-15
0,joseph,2011-08-19
0,Sneakers%2520O'Toole,2016-06-03
0,lev%2520lucien,
0,Trond,
0,Apuzzo,
0,jasperaldo%2520(ASR),
0,NZ,2009-02-16
0,swankyfrankie,2012-04-21
0,Prade's%2520Son,
0,anna16,
0,mok,2011-10-05
0,Brian%2520(not%2520the%2520Inter%2520,
0,Caesar,2009-04-11
0,lol,2011-10-05
0,Gandi,
0,rahadi,
0,andi,2012-02-29
0,Didi,2010-04-08
0,kataloni,
0,marcos,
0,ARSENAL4LIFE,2013-07-07
0,Ryan,2008-02-13
0,scouse%2520scum,
0,Ale,2008-05-15
0,somebody,2011-09-10
0,Aldo%2520Cascio,
0,zoot,2009-09-12
0,Jacob,2008-02-12
0,FF,
0,Calisi,
0,arto,2012-06-05
0,Favero,
0,MB,2008-04-15
0,Juules,
0,Sergio,
0,martin,
0,joe,2014-06-06
0,Gordon,
0,Sammini,
0,Marco%2520D.,
0,steven.,
0,Serg,2009-09-24
0,immaro,
0,idze,
0,El%2520Rey,2010-06-11
0,larry,2008-02-12
0,Aquismaia,
0,Jem,2011-09-16
0,Sean,2008-05-06
0,Neutro,2012-08-10
0,Marcus,2011-08-27
0,george,
0,giampiero,
0,Harry,2014-06-28
0,Comrade,2011-04-15
0,skyder,2012-08-02
0,Andy,2011-09-08
0,temo,2010-05-06
0,diodati,
0,Evan,2008-03-14
0,garry,2009-09-19
0,mickey%2520corsano,
0,Chelsea,2011-09-17
0,luca,2011-12-24
0,Gil,2015-05-03
0,trond,
0,Pian,
0,andrew,2008-02-12
0,PaNoMOR,
0,Abdullah,2009-01-25
0,guy_fox,
0,DonMichele,
0,Jose,2011-08-23
0,Wanda%2520Touchim,
0,Nicolo,2019-04-06
0,Del%2520Piero%252010,2015-06-02
0,TeamGREASE,
0,o_man,
0,angel88,
0,arbri,
0,Azzem,
0,dan,2008-03-15
0,ðáíáéãéáëåéïò,
0,Thomas,2011-09-10
0,Jordi,
0,dhamar,
0,alex%2520w,2010-05-14
0,del_piero,
0,armando%2520bedaj,
0,discharge,2012-03-05
0,JuveFan,2011-07-30
0,Juve%2520Cuccio,
0,Dango,2013-07-21
0,riski,
0,dewa%2520rhadea,
0,younis,
0,Carlo,2008-04-16
0,The%2520Amiral,
0,Stahn,2013-11-18
0,Gooner,2008-07-29
0,Ivan%2520K,
0,Lord%2520Denny,
0,Christopher,2014-07-06
0,Egidio,
0,onmysite.ro,
0,learn%2520more,
0,DJP,2008-05-26
0,lteo,
0,Juve%2520Shirts,
0,Hamad,
0,zaki,2008-04-14
0,Ivo,2009-09-04
0,juvenite,2013-12-22
0,Apaz,
0,Alejandro,
0,Aldo,2008-04-14
0,Tony,2008-02-14
0,eklavya,
0,Dan,2008-03-15
0,Vince,2011-09-12
0,Utku,
0,Juventini,
0,Danni,
0,jor-el,2008-06-24
0,Anton,2010-04-28
0,Caterina,
0,barca,2010-02-01
0,neoexodus,
0,Mouini,
0,movinheadz,
0,mohammed%2520allah,
0,football%2520adviser,
0,Football%2520Betting,
0,Brad,2014-07-25
0,Adamo,2010-02-28
0,Bullshit,
0,Vinod,2011-05-27
0,mauro,2011-11-21
0,Dewa%2520Juve,
0,georg,2009-07-26
0,Vercingetorix,2008-12-04
0,Riccardo,2009-12-14
0,moshe%2520from%2520israel,
0,kqql,
0,michelangelo,2009-09-28
0,ScudettoStarved,
0,Romanisti,2011-12-25
0,Juventus%2520shirts,
0,dasmotto,
0,ned%2520lowe,
0,IvanK,
0,Johnny,2014-06-04
0,fital,2012-03-14
0,Robbie(ASR),
0,anna%2520rosi,
0,Aquismaia%2520(going%2520for%2520,
0,Yusuf%2520(ASR),
0,Eros%2520Miranda,
0,Daddio,2011-09-02
0,Derek,2011-09-11
0,Trackbackspeed,
0,Fjd,2008-09-04
0,Jennifer,2008-02-12
0,yoni,2010-09-14
0,Easy,2008-03-15
0,leon,2008-04-22
0,Darjan,2015-01-28
0,Mitar,
0,Jovan,2016-01-14
0,tim,2008-03-28
0,canna,2009-12-16
0,Cannavaro,
0,Michelangelo,2009-09-28
0,Boki,2010-07-06
0,Eros,2010-10-21
0,Robee,2012-03-04
0,Maresca,
0,lilrashio,
0,Luka,2009-03-26
0,babat,
0,...,2008-03-31
0,Liam,2008-03-15
0,Miso,2013-12-14
0,ARGO,2012-04-14
0,Vaha,
0,Op,2012-03-14
0,cayenned,
0,Glen%2520M.,
0,zagelbagel,
0,dom,2011-09-14
0,jem,2011-09-16
0,Jnice,
0,ilir%2520salihu,
0,Vidyuth%2520Srinivasan,
0,jots,2011-04-14
0,oobia,
0,Pepe,
0,Adi,2009-07-01
0,papai,2012-06-30
0,Junaid,
0,The%2520Troll,2011-08-21
0,Holymann,
0,dillon,2009-03-25
0,Juulesy,2012-03-07
0,Patrik,
0,Tim,2008-03-28
0,Socratinho,
0,kabir,
0,gigo,2015-04-11
0,fjd,2008-09-04
0,Kelly,2008-02-12
0,Uday,2011-02-12
0,Erinti,
0,Svergentina,
0,Aush,
0,seria,
0,Joop,2010-02-08
0,Lonely%2520Amauri,
0,GMaster7,2017-04-03
0,francesco,
0,diego1torontojuve,
0,Papai,2012-06-30
0,Roberto,2008-03-26
0,john%2520page,
0,Sambit,
0,Poulsen,
0,shingai,
0,tyo,2013-05-07
0,KrissKrash,
0,seijism,
0,pristine,
0,MJ,2008-07-30
0,For%2520Real,2012-09-28
0,Inter%2520Forever,
0,donkey,
0,Mickey%2520Mouse,2009-08-01
0,marky,
0,alvaro,
0,Alvaro,
0,brento,2011-08-11
0,Gigo,2015-04-11
0,OhYes,2013-05-29
0,Zizou,2011-04-23
0,Juliane%2520Asbell,
0,brice,
0,asr,2009-11-29
0,Sandro,2012-06-22
0,kurdt,2012-02-19
0,orDian,
0,Dom,2011-09-14
0,adam2,2010-08-24
0,ShellyGirl88,
0,yaniv,2010-07-06
0,gaetano,2015-09-15
0,hurrikaane,
0,SEIJISM,
0,shakermaker,2012-04-03
0,lee,2014-06-11
0,do%2520you%2520agree,
0,gAETANO,2015-09-15
0,mobb^x3,
0,Amen,
0,josh,2008-10-25
0,Tomas,2011-08-24
0,johonna,2011-08-27
0,Brett,2012-04-08
0,Cezar,
0,Mike%2520R,2012-02-13
0,italia2006,
0,Vince%2520Cullotta,
0,nick,2008-02-12
0,behnam,
0,benjamin,2011-08-23
0,Pino,2009-02-23
0,1987,2012-10-21
0,PAT,2011-09-22
0,BBM,2010-09-23
0,Ralph,
0,Gaetano,2015-09-15
0,Jea,2012-12-31
0,ivo,2009-09-04
0,colaking,
0,Godson%2520Hernandez,
0,Art,
0,Drew,
0,Juve,2010-02-09
0,sammy,2008-03-26
0,Marco%2520D,
0,Sylvester,2009-03-01
0,Inter%2520Inter,
0,squeeze,2008-04-28
0,rhaaj,
0,God%2520Damn,
0,87,2012-07-25
0,Juventus%25201987,
0,mufid,2012-03-14
0,Squeeze,2008-04-28
0,Francesco%2520(Gialloross,
0,Sissoko%2520Man%2520Love,
0,Goran,2008-10-29
0,Secco,
0,SLOVENIAAAAAAAAAAAAAA,
0,ARSENE%2520WENGER,2013-08-23
0,SIR%2520ALEX,2010-12-16
0,6unn3ers,
0,Firezen,
0,Edwin,2009-07-09
0,Juventis%2520Shirts,
0,matty%2520t,2009-04-12
0,Zsedo,
0,Bassam,2017-03-03
0,ndcolin,
0,Mrs.%2520Shankly,
0,Tomek,2012-06-12
0,CeCe,2010-02-02
0,Cece,2010-02-02
0,Gro,2009-09-22
0,Jean,2014-09-11
0,dagoes,
0,TB.,
0,Georg,2009-07-26
0,a|,
0,Bari%2520Mike,
0,Alto',
0,Sergio%2520aka%2520Romafan,
0,Maroussia,2010-01-11
0,anony,
0,Juergen,2013-03-15
0,jiji_pl,2012-03-03
0,Mab,2011-08-25
0,Edward,2011-09-18
0,ED,
0,Ranjeet(Forza%2520Milan),
0,Bento,
0,Alastair,2009-12-27
0,Garth%2520Probasco,
0,weston,2009-02-08
0,gela%2520uomo,
0,K,
0,Miss%2520R,
0,SUPER_MARIO_BALOTELLI,
0,Alto,2010-01-29
0,Muhventino,
0,Yan,2009-12-17
0,LJ22,
0,ADP,2011-05-26
0,Amrush,2010-11-02
0,ruvio,
0,gaetanor,
0,Lippee-ki-yay,
0,BigBeff,2013-01-26
0,Rahul,
0,kadainja,
0,ked,2010-08-22
0,h,
0,Wilton%2520Kromka,
0,Juve4Life,2012-04-10
0,thebballkid,2011-08-20
0,fsun,2012-03-03
0,grandeMou,
0,Ramzi,
0,thebballkid%2520(Ivo),
0,P4blo,
0,Boo,2011-08-22
0,john,2008-03-30
0,Zafar,2012-08-08
0,victor,2011-09-14
0,mohab,2012-12-20
0,Richie%2520Aprile,
0,xczcxczczxczxcx,
0,Greyskull,
0,Jayjay,2008-09-08
0,P4BLO,
0,henrylow,
0,ridwanzero,
0,kiramatali%2520shah,
0,evision,
0,sunrisedatacare,
0,Jalen,2012-09-30
0,slakas,2012-05-11
0,bob,2008-02-24
0,jackson,2011-08-26
0,jon,2008-10-26
0,Forza%2520Roma,
0,Phil,2011-09-19
0,biscione,2015-05-12
0,Seif,2011-12-27
0,Raj,2009-01-09
0,MJ%2520(NO%2520TOTTI%2520NO%2520PART,
0,leandro,2010-10-16
0,Juve%25201987,
0,Bari%2520mike,
0,Tottigol,2015-10-09
0,andre,2011-09-04
0,vlad,2008-03-26
0,Sandro%2520V,
0,Nikko,2008-10-21
0,Moggers,
0,greg,2008-04-18
0,MJ%2520(%2520Roma%2520Fan),
0,Dani,2009-12-17
0,Don%2520Michele,
0,ferara,
0,aquila%2520a%2520due%2520teste,
0,matteo,2008-06-18
0,Anfield%2520Tour,
0,Sebastien,2011-03-16
0,drew,
0,D'Agher,
0,Jameski,
0,alan,2011-09-02
0,Neo77,
0,Kyle%2520(asr),
0,RizzoSports,
0,davidbaer,
0,Dattebayo,
0,Pete%2520Tenny,
0,moe%2520samy,
0,Random%2520Juve%2520Fan,
0,Mass,2012-01-30
0,Alec,2008-03-17
0,ForzaRoma2001,2012-03-22
0,Armoracia(ASR),
0,NETTII,
0,kistajk,2012-03-04
0,Andrea,2011-09-19
0,Dmod,2012-10-28
0,Jacob%2520(FORZA%2520ROMA),
0,Rhaaj,
0,Jacob%2520(Forza%2520Roma),
0,Gabriel,2011-10-12
0,Muh29,
0,Rick,2008-05-04
0,Beppe,
0,Oliviero%2520B.,
0,Marco%2520Stucazzo,
0,kiramatalishah,
0,charlesbrooks,
0,gflyer,
0,coetsee,
0,watch%2520football%2520highli,
0,premiership%2520highligh,
0,do%2520penis%2520pills%2520work,
0,paolo,2008-07-17
0,irreducibile,
0,Jacob%2520(ROMA%2520FAN),
0,Titti,
0,georghe,
0,say123,
0,MJ%2520Grazie%2520Roma,
0,Marcone,2012-07-23
0,Danielle%2520Bovain,
0,Sam.,
0,bulle,2012-06-30
0,Tim%2520C.,2008-12-23
0,Paul,2011-08-19
0,Ching,2008-12-11
0,SUPER%2520GIORGIO,
0,Malih,2012-03-31
0,Mario,2008-09-05
0,james,2011-08-20
0,AJ,2014-08-04
0,Matteo%2520(sorry),
0,Maio,2017-05-04
0,Matteo,2008-06-18
0,Howard%2520Nichell,
0,Pedro,2011-10-12
0,Cristiano,2014-05-07
0,Aod,
0,sqjpzk,
0,Bentolino,
0,Juventusforever,
0,Blanda,2011-08-20
0,dweb,2011-08-20
0,Befe,
0,gigi,2011-08-19
0,I%2520am%2520not%2520here%2520to%2520tro,
0,pbs%2520kids%2520games,
0,BostonBobo,
0,Agostino,2013-12-30
0,Eugenio%2520Ferrari,
0,BffonisInjured,
0,Tom%2520Armstrong,
0,michele-dellacroce,
0,Dreams,2012-02-04
0,La%2520Juve,
0,frank,2011-09-26
0,Conspiracy%2520Theorist,2015-02-20
0,Brente,2009-07-25
0,CR9,2014-04-21
0,@ptrzanoto,
0,Grande%2520Juventus,
0,Grande%2520Juve,
0,Ruby25ld,
0,jimmy%2520page,
0,@%2520I%2520am%2520not%2520here%2520to%2520tr,
0,elmi,2012-07-05
0,amaurifan,
0,HashTheDon,
0,yahya,2011-05-04
0,shah,
0,jkib,
0,jack,2008-02-12
0,FUCK%2520RUBENTUS,
0,Mark,2011-08-17
0,Juve%2520Fan,
0,Juventus%2520Fan,
0,nico,2008-02-12
0,caco,2013-12-30
0,Vittoria,
0,Il%2520giallorosso,
0,Niket,2012-12-09
0,Facts%2520>%2520Intellectual%2520,
0,Nik,
0,Kris,2011-09-03
0,Frank,2011-09-26
0,Juventus,2012-03-06
0,hunter_of_souls,
0,Franco%2520Setti,
0,Serritella,
0,michele-dellacroce(AS,
0,M,
0,rossonero,2014-12-31
0,Grande%2520Juve%25201897,
0,dk,2008-05-30
0,Juve%25201897,
0,disillusioned%2520interis,
0,il%2520gufo,
0,vinnie,2009-01-03
0,moookieblaylock,
0,lalapolala,2015-07-22
0,here%2520we%2520go%2520again...,
0,Read%2520More...Write%2520Le,
0,doug,2008-02-12
0,LJ,2011-09-24
0,M29,
0,joe%2520strummer,2013-08-02
0,Veltins,
0,George,
0,Mohammed,
0,EG,2008-04-23
0,italian%2520stallion,2009-10-27
0,Hanni,2008-10-02
0,Italian%2520stallion,2009-10-27
0,Juvetino4Life,
0,Italian%2520Stallion,2009-10-27
0,kriz,2009-12-23
0,Fiat,
0,TagliaventoBestREf,
0,Traditional%2520Chinese%2520H,
0,joel,2011-08-26
0,Sebastian-Lorento,
0,M%2520C,2010-09-23
0,ishaq96,
0,sebastian-lorento,
0,intercheat,
0,oliviero,2012-03-07
0,edgar,2008-10-24
0,Jae,2008-03-16
0,tress,2009-05-25
0,Grande%2520Juventus%25201897,
0,Sms,2008-08-02
0,Leo,2011-08-20
0,The%2520Old%2520Lady,2012-03-25
0,ciro,2010-04-26
0,Domenico,
0,Tej,2012-04-26
0,Darren,
0,PALERMOforFOURTH,
0,angelo,2008-08-09
0,juancho,2009-02-19
0,Nancyboy,
0,hammer,2008-03-17
0,jeff,
0,juve1,
0,Teoh,
0,Italia2006,
0,Grand%2520Juventus,
0,Diego%2520Ribas%2520da%2520Cunha,
0,Pistol%2520Pete,2008-10-24
0,y.,
0,Sandro%2520M.,
0,e.%2520cavalli,
0,unclearthur,2012-03-04
0,badr,
0,Lonnie%2520Handel,
0,thebigsalbowski,
0,Mohd,
0,CIO,2011-12-10
0,paco,
0,P4blog,2012-10-23
0,Edds10,
0,Alesalad,2012-03-03
0,Adrian,2011-09-28
0,dsadas,2019-07-13
0,Stephan,2014-06-08
0,jemcubed,
0,mam,2010-06-26
0,Mark%2520Giacco,
0,Reagan%2520Katen,
0,Sa,2008-02-12
0,Enzo,
0,saem,
0,stephan,2014-06-08
0,Juventino%2520RS,
0,timmyg,2009-08-20
0,male%2520enhancement%2520her,
0,i%2520am%2520not%2520here%2520to%2520tro,
0,Jamil,2009-07-05
0,Muhamad,2012-11-02
0,lou,2011-08-26
0,ergo,
0,Daniel%2520Achille%2520Aiello,
0,juventinozo,
0,Juve1897,2011-08-20
0,tommy%2520wong,
0,Raj%2520Rajput,
0,pasquale,2014-11-27
0,DelPeeiro,
0,Ashutosh,
0,Asianxtremist,
0,Hesham,2014-06-17
0,michelangeloo,
0,wtfwasthatbarca,
0,Mimmo,2014-08-27
0,michele-dellacroce(AS,
0,Hammer,2008-03-17
0,sillycan,
0,Jenny%2520G,
0,][P3trarch,
0,Brendan,2008-10-25
0,Domenick,2012-11-24
0,Tomasz,2008-04-16
0,giovinocFan10,
0,Nedventus,
0,Georgious,
0,kev9inter,2012-08-02
0,Ken,2008-03-27
0,ozzy,
0,Carlos,2008-03-17
0,Fandibong,2012-08-02
0,moses,2008-08-10
0,"Gurnam%2520\""bigman\""",
0,"Gurnam%2520\""big%2520man\""",
0,Ibrahim,
0,terryl,2014-01-27
0,James%2520Bambridge,
0,oreally,2012-07-22
0,ajay2,2012-08-02
0,Mr%2520D,2009-04-30
0,Phoebus,
0,Billy,2014-06-16
0,Colie,2013-01-03
0,Cerberus,2011-05-16
0,lefthanded,
0,Jamie,2011-08-26
0,Ed,
0,Jeremy%2520Ullmann,
0,jesimps,
0,Nich,2016-07-14
0,Anthony%25202.0,
0,I%2520am%2520her%2520to%2520troll,
0,Anonymous,
0,pete,2008-08-18
0,irish%2520red,2013-11-23
0,Forbes,2009-06-28
0,Balwant,2011-02-19
0,first,2010-02-04
0,load%2520of%2520crap,
0,Dhruv,
0,g,
0,jorid,
0,superyoi,
0,BMs4U,
0,I%2520am%2520here%2520to%2520troll,
0,AMAURI%2520TROLL,
0,luciano,2009-01-16
0,amauri%2520troll,
0,maze,2010-08-20
0,balwant,2011-02-19
0,pannomor,
0,Adis%2520Kovcic,
0,Amauri%2520troll,
0,Juventus%2520Wallpapers,
0,Grande%2520Alex,
0,Kurt%2520Amar,
0,bruno,2014-06-13
0,William,2011-09-19
0,Lex,2014-07-08
0,simao,
0,Juve%2520Wallpapers,
0,9y2h2h,
0,mand,2011-11-27
0,kindle,
0,Annita%2520Ramser,
0,Tired%2520of%2520this%2520season.,
0,ibsa,
0,Anup,2011-08-30
0,libyano,
0,Luigi%2520Fulk,
0,Elias,2014-07-15
0,Seba,2008-05-06
0,Guatejuve,
0,Moon%2520Knight,
0,Gregorio%2520Gangala,
0,gian%2520marco,
0,Maybe?,2012-07-04
0,DJFESTA,2011-08-20
0,Avinesh,
0,Erich%2520K.,
0,lou%2520reed,
0,vladonne,
0,may,2009-05-22
0,Fet,
0,vinny,2011-09-10
0,Vladonne,
0,Garry,2009-09-19
0,fandibong,2012-08-02
0,Italiano,2009-12-02
0,tinocapello,
0,Richie%2520Fuckin%2520Maggio,
0,Martin,
0,mastro9,
0,Diego,2011-09-06
0,bacon,2008-02-18
0,milos91,
0,Juveboy,
0,Guilherme,2009-10-02
0,chad,2011-08-29
0,lmry,
0,edhardyshirt,
0,Breann%2520Oliveri,
0,anton,2010-04-28
0,Bryan%2520Rykert,
0,Jitendra%2520Kulkarni,
0,rhazid,
0,Dr.Football,2011-03-11
0,hesham,2014-06-17
0,cio,2011-12-10
0,Mauro,2011-11-21
0,Enrico%2520Palazzo,2011-08-25
0,Juve%2520Becoming,
0,mo,2008-03-22
0,Josef,2011-08-19
0,Hectorrrr,
0,beppe%2520dimarco,
0,Willium%2520Ellis,
0,Trinidad,2011-05-09
0,Stefany%2520Bernard,
0,Tracy,2011-08-26
0,Vicentino,
0,shubho,
0,ferrini,
0,antonio,2011-09-24
0,Elden%2520Malocha,
0,Biaggi,
0,ererjm,
0,asdjgasdb,
0,toni,2008-03-26
0,steven%2520gerrard,2012-01-14
0,Marcel,2011-09-19
0,Steven%2520Gerrard,2012-01-14
0,xg1Nz0x,
0,Damien%2520Scoditti,
0,Zidane,2010-10-03
0,stupidmilanfans,
0,andy%2520champ,
0,Hash,2008-04-11
0,craig&%2520yahya,
0,agiamba,2012-09-19
0,Jikiboy,
0,Juve1,
0,Chad%2520S,2009-12-15
0,mohammed,
0,italjuveloser!!,
0,johny,2008-04-18
0,yaojide,
0,bertrand,2018-02-19
0,leo,2011-08-20
0,Trezgoal,
0,MarcoL,
0,GP,
0,DJ,2011-09-24
0,Waterbed%2520Mattresses,
0,alicia,2009-04-13
0,Osam,
0,mbt%2520shoes,
0,ugg%2520outlet%2520store,
0,Uggs%2520Store,
0,cheap%2520uggs%2520from%2520china,
0,cheap%2520uggs%2520on%2520sale,
0,ugg%2520classic%2520tall,
0,vibram%2520fivefingers%2520sh,
0,uggs%2520for%2520cheap,
0,ugg%2520online,
0,cnc%2520lathe,
0,Mr%2520Juve,
0,goerge,2012-02-06
0,Earrings%2520Gift,
0,Football,2008-11-07
0,Jessica,
0,Johny,2008-04-18
0,javier,2008-06-10
0,Brenton,2009-10-05
0,ChrisW,2009-06-22
0,vignesh,
0,ali,2008-07-11
0,Alibet,
0,saint%2520harm,
0,"alharazy%2520\""Mo\""",
0,Stas,
0,Quattro%2520stelle,2012-08-01
0,tt_,2008-11-04
0,fernando,2008-12-24
0,Daniel%2520Riccio,
0,Air%2520Force%2520One,
0,Victor,2011-09-14
0,James%2520Robert,2010-04-03
0,luisa,2013-03-08
0,Yasmin,2010-04-21
0,Ahmed,2011-08-20
0,Ping,2010-01-10
0,juventina%2520canadese,
0,ivan,2011-10-13
0,John%2520Gent,
0,stop%2520dogs%2520barking,
0,nike%2520dunk,
0,cde2ew,
0,cesco,2017-02-28
0,enis-bianconeri,
0,kiko,2010-06-19
0,karen,2011-09-09
0,cheap%2520air%2520travel,
0,Rap%2520Beat%2520Loops,
0,World%2520Soccer%2520Club%2520Ran,
0,Rap%2520Loops,
0,Terrence%2520Larreta,
0,Arlinda%2520Koppa,
0,aristeia,
0,Dustin,2014-08-05
0,Giovani,
0,amrush,2010-11-02
0,juvealways,2012-03-02
0,amie,2012-02-22
0,Felipe%2520Melo,
0,Andrew%2520Modic,
0,ta,2011-09-17
0,AT,2011-09-23
0,AnthonyS,2009-07-07
0,Chris99,2010-11-24
0,Andy%2520B.,2009-11-22
0,brento%2520(asr),
0,Fintan%2520(Ire),
0,Forza%2520La%2520Juve,
0,Mike%2520Davis,2008-10-23
0,Juve77,
0,juan%2520montoya,
0,Vic90,
0,Mister,2008-11-08
0,harry,2014-06-28
0,rtry,
0,Vikram,2011-07-16
0,santiago,2012-01-10
0,Hamdan,2017-04-01
0,alharazy,
0,bams,2013-06-04
0,jasonirawan,
0,amir,2008-10-25
0,AS,
0,Edi,2010-03-30
0,Declan,2010-02-08
0,joecoyote,
0,Gabry,
0,gotTreble?,
0,g?,
0,Ollie,2008-04-15
0,yooys,
0,Jetskir118,
0,tagalucci,
0,Zheng,2012-01-21
0,Josh%2520Rangel,
0,Tagalucci,
0,Paul%2520the%2520psychic%2520octo,
0,etnerb,
0,Pietro%2520Barone,
0,taetertot,
0,r2,2009-12-18
0,Mubarek,
0,seba,2008-05-06
0,carmella,
0,franco,2009-03-05
0,andy,2011-09-08
0,Taufik,2020-04-14
0,Dirtbunny,
0,Abdul%2520Azim,2014-02-04
0,Gelliaaahx@gmail.com,
0,mark,2011-08-17
0,sop,2011-12-28
0,matheus,2012-12-16
0,Gurnam,
0,Juvepazzo,
0,"alharazy%2520\""mo\""",
0,klil,
0,Stephen,2011-08-31
0,Agiamba,2012-09-19
0,thatdude,2010-12-31
0,mohammad,
0,Carroll%2520B.%2520Merriman,
0,make%2520money%2520online,
0,Rudolph%2520Talley,
0,georgeH,2008-05-07
0,juanation,
0,etentori,
0,Alg523,
0,Daniels,2008-09-26
0,dwicarta,2011-08-20
0,pablouv,2011-08-20
0,Osam_GH,
0,Somnath,
0,djp4cal,
0,LaFuriaCeca,
0,AntonioNYC,
0,Rinaldo2882,
0,JoePesci,
0,Chukwueku%2520Akinyemi,
0,Drew%2520DiPasquale,
0,Pablo%2520Gomez,
0,Mikey%2520P,2008-04-15
0,Darren_V,
0,Sam_Dj,2012-09-22
0,wpazzurri,2011-12-09
0,Muhannad%2520Al-Harazy,
0,Giorgio%2520Romizi,
0,Ricky12,2010-07-10
0,Fintan,2014-09-02
0,gigar,2011-08-20
0,Blanda_Amania,
0,Comrade88,2011-08-20
0,jorid22,
0,Sdas,
0,Guest,2011-09-09
0,Boston%2520Bianconeri%2520Guy,
0,Sj_juve,2011-08-19
0,Yahya,2011-05-04
0,gago,
0,Markiv,2014-11-22
0,jags,2008-10-06
0,gotenks,
0,Sampath,
0,Tedtaz,
0,Dumitru86,
0,Hanni%2520Shawqi,
0,juve%2520till%2520die,
0,Pasq92,
0,z3bina%2520the%2520mule,
0,Pasquale%2520Molluso,
0,astanos,
0,Denny,2011-09-05
0,Alex85,
0,TrezeGOAL,
0,Fadi%2520Dakkak,
0,HR,2009-08-30
0,adpforever,
0,juve%2520fan,
0,Interr,
0,Frusciante,2012-06-17
0,Dboy1975,
0,Wess,2010-07-08
0,quidellini,
0,Idze7,
0,JIJI_PL,2012-03-03
0,Matt%2520D'Orazio,
0,SUW,
0,Jasonjagla,
0,Christopherson,2018-07-18
0,Frank%2520Demonte,
0,Tom33,
0,Anicka%2520D,
0,Billmadison100,
0,Wahyu,
0,caterina,
0,djfesta,2011-08-20
0,Cannadaro,
0,Pinturicchio07,
0,Vincentyang67,
0,an%2520italian,
0,premiership%2520tickets,
0,whatagoal,
0,juve%25201897,
0,Somnath_,
0,Powerbomb,2009-09-03
0,danielago,
0,Ibrahim%2520M.,
0,Giuseppe%2520Rosa%2520Nero,
0,ole,2011-05-15
0,Areve,2012-11-17
0,kristian,2009-03-29
0,Artu,
0,Disclosed,
0,Jose_f,
0,Drewsef,2009-03-01
0,Ivo%2520Andov,
0,tactical%2520genius,2014-02-14
0,FollowTheSun,2013-07-04
0,Kidofjuve,2013-07-18
0,Vincent%2520L,
0,onejuve,
0,michele(AS-ROMA),
0,Artu%2520Ruiz12,
0,ShakeAppeal,
0,Jemcubed,
0,alexxx,2009-11-07
0,Zee,
0,Vikram%2520Sundara,
0,Marcdush21,
0,Daniel%2520Aiello,
0,Juanjmontoya,
0,siva,
0,Pedro%2520Martínez,
0,ozzzy,2011-01-14
0,Junkyrulz,
0,LH,2008-08-05
0,Chief,
0,Edgar%2520Boccanegra,
0,D-Demon,
0,Armando_inc,
0,HabsJuve,2012-03-19
0,Farandhika,
0,FA%2520cup%2520tickets,
0,Lasse%2520(Denmark),
0,Silvio,2008-07-05
0,markiv,2014-11-22
0,Xtony620x,
0,Dave02776,
0,ChrisJuve,
0,Snake,2011-10-02
0,della%2520juve,
0,Rededarsho,2012-03-15
0,DC99,2010-05-13
0,Medicaid%2520Doctors,
0,Akash_worldwidebusine,
0,this%2520is%2520tragedy,
0,Calamonici%2520A,
0,Candreva,2018-04-22
0,Guest111,2014-02-10
0,Diodati_italia10,
0,comrade88,2011-08-20
0,4eva%2520Juve,
0,juve1897,2011-08-20
0,arturo%2520ruiz,
0,Robbie_ASR,2012-02-20
0,lalala,2013-04-05
0,Sk4life_,
0,Jiji_pl,2012-03-03
0,Alief%2520A.%2520Rezza,
0,Redxtr,
0,Idntcare,
0,Lasse%2520(DENMARK),
0,Ducati5758,
0,Sun,
0,Somath,
0,Yahya%2520Ishaq,
0,E_Gunawan,
0,guest,2011-09-09
0,Djfesta,2011-08-20
0,bullebulle,
0,Jorid22,
0,Robbiejuve,2012-04-15
0,Aaron%2520Giambattista,
0,Asmer_,
0,s%2520juve,
0,DeBo,2008-09-22
0,Jose%2520Rodriguez,2010-03-12
0,narror,
0,juve%25201987,
0,Gencaili2u,
0,MCE,2013-04-27
0,MarcD,2010-06-10
0,football%2520tickets,
0,theoffside,
0,Bertie_Wooster,
0,Eugen%2520Tripon,
0,ASR,2009-11-29
0,Aezzem,
0,Fernando%2520A.%2520Silva%2520Hur,
0,CJ,2014-08-26
0,FJD,2008-09-04
0,liuyun,
0,cinzaghi,
0,Lippi-kai-nay,
0,Playing%2520WoW,
0,Bumy%2520[FCB-4L],
0,shinoza,
0,speed%2520up%2520windows%25207%2520lo,
0,C%2520J,2009-12-01
0,Jdangkasa,2011-08-20
0,Mara,
0,update%2520much,
0,Olaoluwa%2520Alajiki,
0,Elmo%2520Latos,
0,zjone,
0,jaran,
0,fsfsfsfsd,
0,Haytham%2520M.,
0,osam,
0,MC,2011-09-26
0,5min%2520downloader,
0,Chelston,
0,Johnmiller,2010-11-04
0,Wpazzurri,2011-12-09
0,Juan%2520Montoya%2520Novielli,2012-03-02
0,juve4life,2012-04-10
0,ElHefe,2008-04-08
0,Jag,2008-11-26
0,Wonder%2520Maker,
0,mobb,2010-06-02
0,"Gurnam%2520the%2520sex%2520god%2520\""",
0,AZAP,2012-10-03
0,Zzz,
0,Somnath_Sengupta,2012-03-03
0,Ong%2520Liang%2520Kai,
0,FoolOnTheHill94,
0,Bertrand,2018-02-19
0,K.,2013-04-01
0,oliver,2011-08-17
0,Pablouv,2011-08-20
0,Printing%2520Host,2011-04-19
0,Arunashamal,2012-05-02
0,Adz77,
0,Godson%2520Hernandez-Ania,
0,sagy,2010-10-19
0,Juveeee,
0,MarcoD,
0,juventini%2520but%2520not%2520kid,
0,Dika,2012-04-13
0,luispmontoyanovielli,
0,Pragathish,2012-03-23
0,Lasse,
0,chadik7,
0,ReleaseTheKrasic,
0,"Gurnam%2520\""bigman!\""",
0,Gregorio%2520Rocco,
0,Chadi%2520Khafaja,
0,Gggg,2012-01-17
0,Tkeat%2520Lim,
0,Sampath_95,
0,NBW,2014-03-24
0,Interfan,
0,Bashar_ASR,
0,A%2520Ciccone1987,
0,bestofjuve,
0,Bestofjuve,
0,Kartikdar,
0,chang,
0,Kazeboy,2011-08-20
0,Hefe,2009-04-18
0,TrezGoal,
0,Duburi,
0,social%2520workers,
0,Mwam,
0,shamal123,
0,Xtony6200x,
0,ItalJuve,2013-08-09
0,InterFan,
0,Juvenuts,
0,Arthurosu9,
0,Muras100,
0,Polacco,
0,Fintancoogan,
0,kidofjuve,2013-07-18
0,Rochmaninov,
0,Juventus%2520Forums,
0,Hsien_chang,
0,Amy,2008-10-12
0,Albania,
0,Alharazy,
0,marco%2520fl,
0,DVL35,
0,allljuventini,
0,Mo%2520Oslo,
0,Arielinho,
0,rachmaninov,
0,Habsjuve,2012-03-19
0,Allan,2008-12-05
0,Jatin%2520Sharma,
0,giuvinco,
0,LH3301,
0,arunashamal,2012-05-02
0,Aless133,2012-12-03
0,Max,2011-08-16
0,Walker,2011-09-09
0,Juergen%2520Leidinger,
0,Come%2520Sempre%2520-%2520FORZA%2520J,
0,yan,2009-12-17
0,Ash,2008-02-13
0,riccardo,2009-12-14
0,Tegar%2520M.Aji,
0,nobody,2008-12-29
0,adp74,
0,Fualhadri,
0,piro,
0,Z3binaTheMule,
0,LOL,2011-10-05
0,junkyrulz,
0,Rdj8,2011-08-21
0,FoolOntTheHill94,
0,Nick%2520Amoroso,
0,il_Tifosi,
0,Zaigham%2520Burney,
0,ForzaRoma,2012-01-31
0,Dellfan21,
0,Chukwueku_Akinyemi,
0,Marc,2008-10-24
0,Angel,2011-09-10
0,MrsShankly,
0,Weston%2520/%2520wpazzurri,
0,Alaska,2008-04-02
0,italjuve,2013-08-09
0,Vinny%2520P%2520for%2520de%2520E,
0,Jags,2008-10-06
0,N%2520G,
0,wali%2520USA,
0,B%2520Sdf,
0,kt,2008-04-20
0,z3bina%2520the%2520donkey,
0,Reggyr,
0,lucaa,2018-08-06
0,john%2520from%2520rome,
0,tiger%2520claws...,
0,Rossi,2012-01-27
0,John%2520Terry,2014-07-17
0,chadbr,
0,nerazzurro,
0,Fernando.....,
0,Ranjeet13,
0,syl,2009-07-29
0,Kerfluff,
0,gjvwya,
0,Vvvdhhgp,
0,ugajuve,
0,mikederob,2012-10-23
0,vidder911,
0,Alvi,2011-12-11
0,Frank%2520Calise,
0,MC00,
0,Alfi%2520boy,
0,Juveee,
0,Aristy,
0,Wondermaker,2011-08-20
0,Abou,
0,Amauri,2012-04-07
0,delirium,2012-08-17
0,lwl91,
0,Rishi_khan5,
0,JuveKSA,2012-04-11
0,Nat,2008-02-13
0,K_Thailand,
0,Tymbark,
0,Sukh,
0,Karl%2520R%2520Dagher,
0,Ian%2520Elford,
0,Bill,2011-08-19
0,Roberto%2520Pascazi,
0,Bigbeff,2013-01-26
0,jose1383,
0,The%2520Stranger,2015-11-19
0,Juve4life,2012-04-10
0,Stef,2010-06-25
0,Masha,2009-08-29
0,Dennis%2520Juve,
0,PersianJuve,2012-04-07
0,Thamer%2520Alhejji,
0,Edi_gunawan,
0,Niccolò%2520Adami,2011-06-17
0,diodati_italia10,
0,Anhar%2520Raiardi,
0,abd,2009-05-22
0,Gio,2009-09-16
0,Zumi,
0,Anharaia,
0,johsamma,
0,Lars%2520Aabjerg,
0,Sporontinno,
0,W,
0,Jairo,2012-09-25
0,Sterling_M,
0,Joeyspags,
0,Herberthover,
0,waliND,
0,abp,2011-07-28
0,Chad%2520Rogers,2016-11-08
0,persianjuve,2012-04-07
0,Juventusawi,2012-03-02
0,Luispmnovielli,
0,edi_g,
0,z3bina%2520teh%2520donkey,
0,Big%2520Beff,
0,David%2520C.,2015-01-07
0,thegutterpoet,2011-08-21
0,polacco,
0,Mohammed%2520A.%2520Alhashim,
0,Joespags,
0,JET,2011-09-18
0,b-radical,
0,mamp,
0,AlaskaJuventino,
0,Chris%2520White,2010-04-19
0,Hashir%2520'The%2520Doctor'%2520M,
0,Ikstau,2012-03-03
0,Michael7515,
0,Tariq%2520Falaknaz,
0,t_house_juve,
0,Jack%2520NZ,
0,Mmalharazy,
0,Street_mc,
0,Karim,2010-01-20
0,one,2008-03-23
0,Nakul,2011-07-27
0,Siddharth%2520Bolurker,
0,G_Money,2010-02-08
0,xam,2008-10-30
0,Mr.%2520Mcmazeh,
0,Ucup,
0,Yeon%2520Sik%2520Yoo,
0,Stv,2009-12-24
0,masonio,2012-02-18
0,"Seba,%2520will%2520you%2520forgi",
0,Steve%2520Dumais,
0,Thegutterpoet,2011-08-21
0,JuveinmyBlood,
0,Ngwilly,
0,Labelkill187,
0,BAGGIO10,2011-04-16
0,Afairall,
0,Mawam,
0,Dominic%2520De%2520Cristo,
0,brand%2520shoes,
0,meimeiht,
0,sj_juve,2011-08-19
0,Abel%2520Gebru,
0,Gillen3,
0,FoolOTheHill94,
0,Kalolie,
0,Bonus%2520στοιχημα,
0,Shevtiawan,
0,brand%2520women%2520shoes,
0,foilcontainer,
0,azzurro89,
0,Madkatzhernandez,
0,Arnold_Layne,
0,Ted%2520Lee,
0,JDA,2009-06-13
0,3oh3,
0,CXVBSDS,
0,Htyrytfdytfyt,
0,omri,2012-06-09
0,Papai%2520is%2520a%2520fag,
0,"Gurnam%2520\""bigman\""%2520THE",
0,Blitzmaid,
0,Vampire369,
0,Guiliano%2520Favaeratti,
0,Fherdelpiero_10,
0,Shacyevishack,
0,Papilaya,
0,rand,2008-04-15
0,beep%2520beep,
0,Ennio,
0,bort,2008-04-03
0,Bash,2009-09-22
0,sposato_al_nemico,2011-08-22
0,Dude,2014-06-18
0,Pavelnedved2003,
0,Cohen12345,
0,bianconeri,2011-08-20
0,Piero,2010-11-14
0,Highlander_mak,
0,ibra,2010-07-26
0,Ljgillespie,
0,Maltese%2520Falcon,
0,Guanjian_javis,
0,babbo%2520natale%2520please!,
0,signora1897,2012-03-06
0,Zarkec13,
0,Macbuff,
0,ikstau,2012-03-03
0,Luigi,2008-03-18
0,joolean,2012-03-02
0,satejb,2012-03-04
0,RB87,2010-12-28
0,Mhatrejuventus,
0,Ikillforcookies,
0,AYR.,
0,DonJuanzz,
0,Gurnam%2520bigman,
0,Juve17,
0,Juventus%2520Blog,
0,ross,2008-03-17
0,Wan,2011-06-14
0,shedeviI666,
0,Jbramantya,
0,striker99,2012-10-07
0,oneJuve,
0,Stoichness,
0,juvemerdawhodoesntkn,
0,fredo,2008-04-05
0,Decky,2011-04-29
0,Midopiero,
0,Bwat_iseng,
0,Chullalobo,2012-04-04
0,Jose%2520P,2011-08-19
0,j-,2010-03-02
0,glue%2520sniffer,
0,johnnyapples,
0,Dino%2520Michaelangelo%2520XX,
0,P%2520Aristy,
0,juveee,
0,Papilayajohn,
0,Agiamba%2520loves%2520amauri,
0,Sukhwant%2520Singh,
0,Decky4343,
0,GM,2011-09-15
0,JUVEEE!!!,
0,Marsek,
0,agiamba%2520loves%2520amauri,
0,Neil%2520Walford,
0,eddinanM3,2012-03-20
0,Sammy,2008-03-26
0,Bacamacho,
0,Amazing,
0,Niketpandya,
0,Master%2520Jedi,2012-07-02
0,dima,
0,Gabriel%2520Carvalho,2017-08-08
0,JoseR,2015-04-23
0,Al9,2012-03-02
0,Sebareiff,
0,AlbionArks,
0,Hugh%2520Maltby,
0,lonelyjuve,
0,JamJuve,2012-07-10
0,Killerqueen,2016-01-07
0,Abc,2011-08-28
0,Jas,2011-09-29
0,NI85,2012-03-03
0,CTJuvefan,
0,JuveSucks,
0,Masss,
0,Lalaland,2009-08-24
0,a%2520sad%2520fan,
0,Adam%2520Carter,2011-03-04
0,Ash1899,2012-10-21
0,Baggiopersempre,2012-09-06
0,XAlecX,2012-02-19
0,Peter%2520Finch,
0,Somnath_sengupta,2012-03-03
0,londonjuve,
0,Jason,2008-02-12
0,Zingaro3000,
0,Godson%2520hernandez,
0,Richie%2520Maggio,
0,la%2520tifoso,
0,stfraw,
0,Bibo%2520Salloum,
0,Zer02ool,
0,Offtobitski,
0,Bangersnmashedup,
0,Marcd,2010-06-10
0,FULLYSCHLICK,
0,TbMack,2013-01-07
0,Pazzini%2520(%2520Inter%2520bound,
0,Amauri%2520(%2520stop%2520blaming,
0,Galliani%2520(%2520the%25201%2520the%2520,
0,Galliani%2520(%2520call%2520me%2520Fe,
0,Prince_tuna,
0,Jed,2008-11-10
0,InterKabir,2012-08-10
0,Jose%2520p,2011-08-19
0,Pazzini%2520(%2520Inter%2520bound,
0,Pazzini%2520(%2520Inter%2520bound,
0,he6rt6gr6m,2015-10-12
0,Karl%2520Dagher,
0,Lawyoe,
0,cheech,2009-09-03
0,Robinho%2520(%2520yes%2520it's%2520me,
0,Timo,2008-04-26
0,Somnatth_sengupta,
0,Sad%2520Trezeguet,
0,ricardo,2008-08-14
0,Toshi,2008-04-30
0,Kathrine,2011-12-13
0,angela%2520nail%2520fungus,
0,Dfshdh,
0,LoL,2011-10-05
0,Oliviero_Juve,
0,aaaa,2010-04-18
0,eve,2008-06-27
0,papai-%2520The%2520Truth,
0,Fabio%2520bartolotta,
0,Bassel_barakat,
0,Hany%2520Osman,
0,JoseP,2010-07-13
0,Kilo15,2012-02-18
0,Bart,
0,Findfranco,
0,FORZAROMA,2012-01-31
0,Montella9,
0,amirnyc,2012-04-06
0,Wiesel,2009-11-29
0,Bort,2008-04-03
0,Anis,
0,juveeeeee,
0,Moltoviola,
0,Paolo%2520Monty,
0,ChadR,
0,Hector,2008-10-12
0,Seedorf,
0,Bianconeri,2011-08-20
0,dacian,2012-03-07
0,vj,2008-03-26
0,Colin%2520Dekkers,
0,Yan%2520Limarta,
0,Sal,2014-06-16
0,Alex%2520Livenskiy,
0,Terrence,2009-10-29
0,Gaetanowebinfo,
0,P.Aristy,
0,Iemand%2520Ande,
0,marcd,2010-06-10
0,panomor,
0,Pablog08,
0,K13,2012-02-03
0,GAETANO,2015-09-15
0,Kantrana,
0,taylor%2520sofia,
0,Larmzy,
0,Csquared,2012-06-10
0,kazeboy,2011-08-20
0,fabio%2520grosso%2520(%2520yes%2520it,
0,fabio%2520grosso,
0,bassel,2015-06-01
0,hc,2009-02-22
0,Ulrik,
0,KingJuve,
0,DarioOo,
0,vincenzo,2011-06-15
0,M27,2014-04-01
0,sakamoto,
0,sperhkpjbav,
0,Cand,
0,ACiccone,2012-04-29
0,Forzajuve,2012-04-11
0,Luca!,
0,xcaterinax,
0,R.B.10,
0,Signora1897,2012-03-06
0,kemey93,
0,Arash,
0,bigjohn,2011-11-02
0,ming%2520the%2520merciless,
0,MORRISA6,
0,Mr.%2520FANTASTIC%2520BOMBAST,
0,MR.%2520BOMBASTIC,2009-08-02
0,Mr.%2520BOMBASTIC,2009-08-02
0,mr.%2520BOMBASTIC,2009-08-02
0,Mr.%2520Bombastic,2009-08-02
0,Mr.%2520BOMBASTIC!,
0,Mr%2520Bombastic,
0,MR%2520BOMBASTIC,
0,Mr%2520BOMBASTIC,
0,ViallI,2013-03-21
0,Citymike,2014-09-07
0,Zouma,2015-05-09
0,amorosonick95,
0,Alf%2520Ramsey,
0,Elaine,2011-10-21
0,Liang%2520Kai,
0,PaulPuzzo,
0,lady_killa,
0,don,2014-06-13
0,pinoyjuve,
0,Samson777,
0,fortuna,2009-01-11
0,Rund,
0,ground%2520penetrating%2520ra,
0,wali,2011-04-26
0,Mark%2520Duckworth,2010-06-12
0,income%2520tax%2520calculator,
0,forzalecceandbologna,
0,Boum-Boum,
0,Nickky,
0,wali_100,
0,Moderaterock101,
0,UGAjuve,
0,Milacicmilos5,
0,GXE,2013-02-18
0,Highlaner_mak,
0,Ridone135,2012-04-26
0,Jean-Alain%2520Boumsong%2520,
0,Zaigham,
0,HughMaltbyMerda,
0,Nini,2009-04-28
0,Bj%2520Lammens,
0,Mufid,2012-03-14
0,Get%2520Owned,
0,ROCCO,2011-10-02
0,dvdlll,2012-09-04
0,TOTO,2011-09-18
0,Danivelez899,
0,RandomLGND,
0,Uioh,
0,I-BleedBlacknWhite,
0,Ong%2520liang%2520Kai,
0,Mirza%2520Omeragic,
0,Papalamalte,2012-03-02
0,The%2520Offside%2520Philly,
0,Neeraj,2008-07-24
0,Alex%2520Shaw,
0,Femiola88,
0,juve?,2010-02-09
0,Ahmed%2520Ossama,
0,The%2520Decisive,
0,Kazaan,
0,Juvealways,2012-03-02
0,bigman,2011-09-30
0,baggiopersempre,2012-09-06
0,real_deal,
0,Jor,2011-04-30
0,Aj,2014-08-04
0,Dhal,
0,Dartagnanx,
0,Dgbnuts,
0,Juve_Redemption,
0,jorids%2520alter-ego,
0,amauri%2520in%2520disguise,
0,Ice_kikki,
0,Ciaran,2010-01-19
0,dfdfdfdf,2013-07-11
0,garudabianconero,
0,Jasda,
0,Juvearecool,
0,Kemo072,
0,KZ,2010-03-06
0,Peter_thelight,
0,sammyisback!,
0,MPC,2008-11-20
0,Julien,2009-05-11
0,gertzky,
0,Gegege,
0,Jason%2520Irawan,
0,RoyK,2014-04-25
0,Zee%2520Burney,
0,Dalemarolw,
0,Will,
0,jcas,
0,FrancescoJuve,2012-03-20
0,Castelve,
0,Jean-Alain%2520Boum-Boums,
0,HJ,2010-03-18
0,Jb2kny,
0,Ciromyhero,
0,samywamy,2012-03-02
0,Tgiancarlo,
0,Interfandon'tkillme,
0,Andrew%2520Gibney,
0,Sposato_al_Nemico,2011-08-22
0,Benny%2520B,2008-06-21
0,Jamme,
0,rund,
0,Idiag%2520desmond,
0,milfordplazausa,
0,Ridho%2520Mardiansyah,
0,Lord%2520Vader,2009-07-26
0,one135,
0,Gudson%2520Hernandez%2520Ania,
0,yasser,
0,Djindan,2011-08-20
0,Younginvester,
0,Rahul%2520Chaudhary,
0,Mc%2520Amor16,
0,DelPieroLover,
0,merceles,
0,TGiancarlo,
0,AliBaba,
0,JohnnyApps,2012-03-24
0,Blueenvelope,
0,Salmonfromheaven,
0,Pag,2011-10-10
0,JA%2520Juve,
0,Gurnam%2520Bigman,
0,SomaliPirate,2012-02-26
0,Joepyspags,
0,ibleedjuve,
0,Zappa_1992,
0,Iqbal%2520Adiansyah,
0,Fred%2520S,2010-12-12
0,Henry,2011-09-04
0,Juvieman27,
0,Schirripa1984,
0,Marjgreci,
0,Jordid,
0,Robert%2520J,2009-05-06
0,merkel,
0,guanjian,
0,Mohamad,2012-03-20
0,Vittorio,
0,Ulsgts,
0,Robert%2520J.,
0,tommy,2014-07-16
0,gurnam%2520bigman,
0,amauris%2520romantic%2520nov,
0,JA_JUVE,
0,BERTRAND,2018-02-19
0,Paulie,2008-09-16
0,Bigman,2011-09-30
0,Tonez,2015-04-12
0,Fabiobarto,2015-06-01
0,Beast,2011-08-27
0,FORZA_INTTTTERRR21,
0,P3trarch,2012-03-24
0,Bisconne,
0,Gustav%2520Bergstrom,
0,Chibon,
0,ASD,
0,Mark%2520Jacobsen,
0,bringjuveback,
0,juve_per_sempre,
0,Jafiorilli,
0,forzajuve,2012-04-11
0,Jindan,
0,alex%2520livenskiy,
0,Carlos6,
0,Yasser,
0,JianGuan,
0,Dika_wali,
0,dutt85,
0,johncas,2011-08-17
0,House96,
0,ThopiQue,
0,mike22ro,
0,vic,2011-10-24
0,Shad,2009-09-07
0,Dutt85,
0,Hdaaap369,
0,Taibah,
0,JuventinoZZ,
0,Amauri%2520Carvalho%2520de%2520Ol,
0,Gäst,2012-11-10
0,Gurnam%2520BIGMAN,
0,Bruno%2520Carrillo%2520Pires,
0,ADP10,2015-11-30
0,PAOLO,2008-07-17
0,oldladyturin,
0,blueenvelope,
0,KJ%2520Brigate%2520Rosanero,
0,uzjuve,
0,ildivincodino-N,
0,Danar%2520Ari%2520Esa,
0,Alfie%2520Ahmed,
0,jeansp,
0,Suck%2520it,2017-07-07
0,willy%2520johnson,
0,AntiMerda,
0,cinese,
0,rifat,2016-02-07
0,LadyRain,
0,Mysapce1987,
0,Requiem,2008-03-22
0,JennyG,2009-12-28
0,JulianJ,2011-08-25
0,adzke,
0,dackter,
0,Jeremy1Esq,2011-07-11
0,Dovakura,
0,Vaffanculo,2009-05-13
0,Respectfortheoldies,
0,Sloverme10,
0,Vũ%2520Huy%2520Dương,
0,Alex%2520Lik,
0,PAristy,2012-03-07
0,a%2520sensible%2520Juve%2520fan,
0,Akshitsinghdutt,
0,Iris%2520Christan,2011-03-12
0,Shad_Bianconero,
0,Shad9323,
0,Hello,2011-08-31
0,beppe,
0,Pavelnedved1897,
0,Ozone,2009-03-02
0,Nest,
0,pinturrichio,
0,SchweinsteigerLOL,
0,5-2%2520Schalke%2520vs%2520Inter,
0,David%2520Peradze,
0,Doormatt,
0,Gomez,2008-02-12
0,Ahonen,
0,Euge,2009-04-30
0,RomaDurs,2012-02-19
0,Pablo%2520G,
0,Allaromana,
0,David%2520Gonzalez,2011-09-18
0,Antonio%2520Cucciniello,
0,JDAngkasa,2011-08-20
0,RIP%2520Macho%2520man,
0,Rifat%2520Hasan,
0,Saint%2520Harm,
0,Milan%2520Cenev,
0,Cappa,
0,Ian22,
0,dutt,
0,Mohammed21,
0,B00013944,
0,runekai250,
0,Juventisawi,
0,AZAp,2012-10-03
0,mike-smith,
0,Mitchel_smith,
0,ian22,
0,S_Domini,
0,Dj%2520Festa,
0,chairman,2009-01-29
0,Andrés,2008-11-12
0,Hmmmm,2012-10-13
0,afairall,
0,Louis,2011-10-08
0,David%2520P%2520Weber,
0,Marchisio08,
0,123fakestreet,
0,Francisonfire,
0,Optimist,2008-05-13
0,Cico,2017-08-21
0,Eric,
0,fiQ,2012-03-30
0,Soundfire624,
0,rifat_hasan,
0,Mariuch10,
0,Στοιχημα,
0,heywhathappened,
0,JuveCalcio,
0,Avia(ACM),
0,WorldclassJuve,
0,KontolGatel,
0,MilanInd,
0,Azzurrooo,
0,juveman11,
0,Milanista21,
0,DD,2011-09-19
0,TD,2011-10-05
0,brown%2520land,
0,Kelvin,
0,Juventusi,
0,Eric%2520Gonzalez,
0,kristian%2520chamoun,
0,Katalog%2520firm,
0,Masur,
0,Fic,
0,"BASTA,%2520ENOUGH.",
0,Jordan%2520Knight,
0,AnthonyC,2009-12-06
0,Anthony%2520C,2009-09-02
0,Ajroma4eva,
0,dutt%252085,
0,Milanista_21,
0,Munawar%2520Peer,
0,Iudeanyim%2520ikenna%2520samu,
0,Aa,
0,the%2520oldest%2520lady,
0,z3bina%2520teh%2520mule,
0,Respect%2520Our%2520Mothers,
0,Ellegiersnicolas,
0,Barbados,2009-06-28
0,Law%2520yoe,
0,Jakob,2008-12-13
0,riaft,
0,Lookuu%2520Look,
0,Grinta,2013-12-06
0,Abdalla%2520Dino%2520Haji,
0,fallen%2520giant,
0,Neumj01,
0,T-bone,2008-10-25
0,Borlandd,2011-08-21
0,ford118,
0,Blackbox,
0,Johnnyapples,
0,Johnny%2520Apples,
0,tttt,2012-06-24
0,Fdsa,2010-06-07
0,Roman%2520Tikhonov,
0,JoGadsby,
0,Tomislav,
0,Westside,2013-02-24
0,Ferrari_412T2,
0,Yahyaishaq50,
0,Nicholas%2520Amoroso,
0,akshitdutt,
0,Muscat,
0,Miketorino,
0,Nik%2520Jelic10,
0,jen,2014-09-30
0,SJ_JUVE,2011-08-19
0,Jian%2520Guan,
0,tymb,
0,Glory%2520seeker,
0,Nan,
0,Gill,2008-06-18
0,Italla2006,
0,Ermellino%2520Solo,
0,dnbm,
0,Hellmank,
0,Dutt,
0,yahoo-VDT2RZZ5YDIACKG,
0,Afairall2539,
0,Lars%2520Aa.%2520Pedersen,
0,dontbemad,2017-10-20
0,Guerrero,2011-01-25
0,giusepppe,
0,Alief%2520Rezza,
0,BAYERN4LIFE,2018-01-15
0,juve10,
0,olejuve,
0,philip99,
0,Creatureinacave,
0,Nancyboy1984,
0,Charles%2520Rogers,2014-08-09
0,1000post_get,
0,1000posts,
0,Suraaj%2520Sethi,
0,Revan,2009-10-18
0,Akshu,2011-08-19
0,Julian%2520Rozie,
0,Steven22,
0,Refly,2012-03-02
0,BARBADOS_1,
0,Pauri1s,
0,Kgdd,
0,Desin_nr1,
0,Jenny,2011-09-06
0,Giuset123,
0,Guest123,2013-09-10
0,tortbort,2011-08-20
0,WhereIsTheTopPlayer,
0,Ah%2520Hariri,
0,Milos%2520Sadzak,
0,tpick,2009-09-13
0,Tamim,2014-12-23
0,Top,2008-12-11
0,xkemex,2018-08-29
0,Jsjjsjsjj,
0,DiMilo,2011-08-20
0,Scanline,
0,Ryan%2520DeBernardo,
0,Roger_allen_9285,
0,paulo,2008-12-09
0,Jeremy%2520Tanner,
0,ricky,2011-08-20
0,Janet333,
0,Gilang%2520Hanggareksa,
0,mo7med,
0,ita,
0,Guset123,
0,Bianconero,2009-07-27
0,SomeoneSomewhere,
0,BIGMAN%2520GUNMAN,
0,cheecho,
0,Julian%2520De%2520Martinis,
0,naser19,
0,Loopd,
0,the_real_sammy,
0,Pasr16,
0,Malakis,2010-11-15
0,DavidPeradze,
0,Jromero58,
0,Jen,2014-09-30
0,Interistuss,
0,Cavecreature,
0,Pawql,
0,Mpc,2008-11-20
0,jacksparooo,2012-03-26
0,IA19,
0,Xam_45,
0,Refresh%2520Kittanning,
0,vanderrad,
0,AJ_Milan,2012-03-23
0,chadr,
0,Juventino-Toronto,
0,Palomao,2012-03-03
0,Santiago%2520Montes,
0,Ali%2520Aboalsaud,
0,chielo,
0,sid,2008-05-09
0,Pauriis,
0,quaazi,2012-05-12
0,Dontbemad,2017-10-20
0,Nikko10,2012-08-01
0,dv,2012-01-20
0,Nader%2520Gulsharifi,
0,amauri%2520stansfield,
0,muscat,
0,olivierio,
0,amauri%2520and%2520sharon%2520sto,
0,Omar,
0,Nancyboy84,
0,JuveXSempre,
0,jamal100,2012-03-02
0,samywamy88,2015-08-27
0,MonteCarlo89,2012-03-02
0,RizzoSports.com,
0,_benito,
0,Juventino_ZZ,
0,MitchwantsNeymarandBe,
0,philip,2014-06-19
0,I%2520disagree,
0,montreli,
0,NG,2008-03-30
0,Pavel_Nedved,
0,XhakaJuve,2012-03-02
0,persianJuve,2012-04-07
0,Mambungo,
0,*%2520NETTII,
0,UGA,2012-10-15
0,Numbero10Bonello,
0,Torrs,
0,Trez17,
0,Timc0014,
0,barmitswa,
0,dd,2011-09-19
0,Hunchback,2012-03-04
0,dreamer,2009-03-18
0,Viktorzokas,
0,Crashy,2012-03-04
0,bengzo,
0,EnricoPallazzo,
0,Ya7ya3mer,
0,Vincenzocatania,
0,jamal,2010-05-13
0,blz,2015-08-31
0,bassie,2012-09-20
0,juve_indo,
0,"W,%2520disqus%2520sucks",
0,Borlandd1978,
0,Gulsharifi,
0,michele97,
0,Zissi,
0,Zeman,
0,reflyh2,
0,linklunk_,
0,ollie,2008-04-15
0,nicobinz,
0,Junfeng%2520Liu,
0,Janetlady,
0,gagobeats,
0,Joe10_2005,
0,Alvian%2520Wisudawan,
0,Anthony%2520DiPietranton,
0,Samdelasr,2012-02-21
0,Ibrajuve,2012-03-06
0,100%Juve,
0,blz187,
0,Bianconeri_2007,
0,LSD,2009-02-24
0,JuventinoXsempre,
0,MarcoMotta,
0,Jian,2011-11-26
0,Mesba7,
0,montiburns1,2012-04-05
0,Mmsamy88,
0,Joe%2520Macaluso,
0,Joey,2011-08-22
0,UhguyhUhfuygh,
0,100%Juventus,
0,Delpiero2011,2011-03-31
0,Waltergrajeda89,
0,Juventino95,
0,ian_22,2012-03-03
0,Mariuch,
0,Pablo%2520Ayala%2520Raineri,
0,ricky1897,
0,omar,
0,ue,
0,phantomzz,2012-03-23
0,guest50,
0,Nnadez%2520Hernanes,
0,Szymon%2520Kowalewski,2012-03-03
0,chester%2520andre%2520beningt,
0,Eggbert,2012-06-20
0,guess,
0,Giuseppeciano1,
0,Chris%2520William%2520Vere%2520Xa,
0,Tixo123,
0,vidalforPM,
0,Juuuuuuve,
0,juventits,
0,guest9,
0,st,2008-02-12
0,Nnandez%2520Hernanes,
0,Antz,2010-09-06
0,budrioluuuu,
0,Proud%2520Milanista%2520:),
0,Marcutio,2013-03-07
0,michele76,
0,Juventino_Turin%2520HQ,
0,Auris,
0,Kyle%2520Schnitzer,2010-10-22
0,mosca,2013-06-07
0,Dfsa,
0,hy77,
0,censorshop,
0,Guitar%2520Ravi,
0,Shad_Juventino,
0,johnapples,
0,motionwest,2012-04-20
0,Zaki,2008-04-14
0,hustini,
0,tortbort(on%2520another%2520c,
0,tortbort(atanother%2520co,
0,tortbort(...),
0,Miroslav,2016-04-06
0,Srnarayan86,
0,michael_smith11,
0,demyan,
0,Yank2425,
0,Su_ponkbjee,
0,JustAFan,2011-08-22
0,Frt,
0,Mr_Moretti,
0,Forza%2520Rain,
0,Jacqueme,
0,isaac,
0,Amin%2520Alm,
0,mhd,2008-03-19
0,Grinta1897,
0,Carlosrios%2520Cr,
0,Niccolojuve,
0,Mulebakk,
0,Abhinav%2520Gaur,
0,Jianguan,
0,Tom00436,
0,Ricky1897,
0,Rickie1897,
0,FJGadsby,
0,GiGi,2011-08-19
0,Taabistan,
0,enbnchd,
0,Gadsby,2012-03-23
0,Black%2520and%2520Blue%2520Army,
0,MN,2010-01-25
0,JVS,2013-12-06
0,Steven%252076,
0,tayga,2017-07-18
0,Gian,2010-08-12
0,Hmm,2008-09-16
0,anonymous,
0,??,
0,Gufi%2520state%2520a%2520casa,
0,Luigi%2520M,2010-04-28
0,Rocky,2011-08-20
0,Giovaoz,2012-08-30
0,The%2520Lich,2019-08-26
0,Bebek,2012-03-03
0,Uh-oh,2012-06-08
0,Khaniv13,2012-03-08
0,Arne,
0,Slakas,2012-05-11
0,Mitchwants30thScudet,
0,I%2520hate%2520Elia,
0,Joedelpiero,
0,joedelpiero,
0,kemey,
0,Motionwest,2012-04-20
0,Di%2520Milo,
0,UzJuve,
0,Alton%2520Costa,
0,randomlegend,
0,Samuel%2520Dieudonne.,
0,Ramzi%2520Haddad,
0,Isyos,
0,fcim1908,
0,JuventinofromToronto,
0,Simonphukan,
0,Abdallah%2520Dino%2520Haji,
0,juventino95,
0,Yoyoyoyoyoyoy,
0,hector,2008-10-12
0,Mh,2009-07-29
0,gobrewers,
0,Olliebo927,
0,Salaheddine%2520Bouhammou,
0,xhakajuve,2012-03-02
0,@#,
0,Juve%2520fan%2520forever,
0,peepo,
0,TonyG,2008-10-12
0,syncmaster,2017-07-10
0,Skaterkid1972,
0,Gaetanow,
0,chemico,
0,t_house,
0,Shamsi,
0,Treazgoal17,
0,Trezgoal17,
0,Matt-DDQ35,
0,shanman,2008-08-22
0,Backoff,
0,Michela%2520Quattrociocc,
0,Stream,
0,adp1974,2012-03-04
0,cookie,2008-06-04
0,bebek,2012-03-03
0,Waltegrajeda89,
0,GiGi_1,
0,DelPieroMania,
0,Szymonescu%2520(i%2520hate%2520di,
0,Forzajuventusfinealle,
0,Papilaya(John),
0,Johnnyapp,
0,Juve_championale,
0,Simone_Pepes_Butterfl,
0,Ronnie,
0,Weston%2520(@wpazzurri),
0,Darkhorse1234,
0,Johnnyapps,2012-03-24
0,Dnbm,
0,José%2520Jaramillo,
0,Mouadh,
0,Omarbbitar,
0,James%2520Stanislowski,
0,Thomas%2520Matthew,
0,Povilas%2520Miškinis,
0,delpiero,2012-03-05
0,juventusawi,2012-03-02
0,JuveAfrica,
0,rgiacc,
0,Steve%2520Germain,
0,Mechris84,
0,Buffon%2520Lik,
0,BigBegg,
0,adp10,2015-11-30
0,Frgoprekgsfdkgfdj,
0,WaliTdot,
0,Dfasd,
0,Tatarie,
0,MrsR,
0,pottsburg,
0,pazza%2520inter,
0,Sam%2520Lewis,2018-05-12
0,R13,
0,JuveXsempre,
0,Gaetan,
0,:(,
0,Steven76,2010-01-01
0,MatriTones,
0,enzoch,
0,Giles09,2012-03-02
0,Robert%2520W.%2520Chall,
0,Jamal,2010-05-13
0,Papilaya(John)™,
0,Motion,2012-03-03
0,guest123,2013-09-10
0,Inter!!Inter!!!!,
0,mg10,
0,Latin_29,
0,Chris%2520Savage,2012-03-03
0,Suarez's%2520Dentist,2014-10-18
0,Airous,
0,johnnyapps,2012-03-24
0,Altin,
0,Grammar%2520Police,2009-09-07
0,Randy_theflyingdutchm,
0,Indian%2520buddy%2520need%2520he,
0,Alessandro%2520Domenico,
0,johnapps,
0,im%2520not%2520a%2520gypsy,
0,Papaplamalte,
0,simonepepelalalalala,
0,marc,2008-10-24
0,André%2520Solvang,
0,Senbonzakura%2520Kageyos,
0,Randy%2520Gerrits,
0,Luis%2520Suarez%2520Needs%2520a%2520n,
0,krasic%2520Gone,
0,The.count,
0,adp,2011-05-26
0,totti%2520is%2520a%2520sisterfuck,
0,Juventus%2520rape%2520inter%2520e,
0,Fo,2009-10-29
0,the%2520f,
0,johnnyapp,
0,JSjuventino,
0,mue,2012-03-06
0,Chuks%2520A.,2011-08-20
0,alttin,2012-03-02
0,WhoisPadoin?,
0,M0b,
0,Awarshy,2012-05-09
0,Jamal100,2012-03-02
0,Edd_juvenoy,
0,longtimeobserver,
0,palaboy,
0,Marotta%2520Needs%2520a%2520New%2520E,
0,the%2520old%2520lady,2012-03-25
0,Haris,
0,LeZebre,
0,ized,
0,Horhay,2013-12-03
0,Nedved1811,2012-09-02
0,Irish-Juve,
0,Juventino_zz,
0,Ledattack,2011-08-20
0,Amauri_Cynthia,
0,pocahontas,
0,Edrick_007,
0,Gianluigi%2520mario,
0,Smotch121,2012-03-03
0,Zlatan099,
0,idisagree,
0,Reezal,2013-11-20
0,Dcasr,2012-04-05
0,Samuel%2520Siswono,
0,InterPerSiempre!,
0,SamuelSiswono,
0,garza,2009-02-27
0,Claudio,2011-02-01
0,Renderoos,
0,Sdfsaa,
0,ChinaBoy,
0,Alttin,2012-03-02
0,juve49SA,
0,JUVECA,
0,Got%2520another%2520link%2520for%2520,
0,AlexTdot,2012-03-03
0,Mantas,2012-11-25
0,milams,2012-03-23
0,ForzaMilan,
0,Meehee,
0,Blandie,2011-08-21
0,pantsukki,
0,Lulimet,
0,Prince%2520Boa,
0,Beepbeep,2009-04-04
0,Boa%2520Prince,
0,Prince_Boa,
0,I%2520Got%2520Banned,
0,Igotbanned,
0,bebek23,
0,Zona,2009-01-01
0,Hanso,2008-06-28
0,PiratesofGhana,
0,nespiero,
0,Prince%2520nOCERINO,
0,Prince%2520Sulley,
0,Z3bina,
0,Ibracadabra11,2012-03-24
0,Prince%2520Nocerino,
0,Chiellini%2520kiss%2520my%2520ass,
0,Mouadh%2520Xidouri,2012-03-02
0,Prince%2520Boateng,2013-10-13
0,Juvesucksballs,
0,King%2520Ayew,
0,prince%2520binho,
0,StevanBAC,
0,JuveSHIT,
0,Mr.%2520Juve,
0,PrinceBoa,
0,juvetroll,
0,StevenBAC,
0,Zafar%2520Khudayberdiev,
0,PrinceSmokingCock,
0,Gigi_1,
0,Xenon%2520arc,
0,Davide%2520Cristiano,
0,JUVEFAN,2011-07-30
0,GhanaTrollPrince,
0,Prince%2520Marchisio,
0,King%2520Del%2520Piero,
0,Juve_Machine,
0,XhakaJuveGiaccherinho,
0,GIles09,2012-03-02
0,principino1897,
0,XHAkAJuVE,2012-03-02
0,COMRADE,2011-04-15
0,Naazak,
0,papalamalte,2012-03-02
0,Jojar8,
0,Ayew,
0,piratesofghanalol,
0,ayew,
0,skippyy,
0,Fru,
0,liverpool%2520and%2520Juvent,
0,xhakaJuve,2012-03-02
0,Pavel11,
0,Acmilan,2012-03-16
0,Idisagree,
0,Jorid23,
0,JeromeJordan,
0,"wait,%2520what?",
0,pinturicch10,
0,Chandler,2008-05-09
0,Notorious%2520Motion,
0,Numbero10bonello,
0,Michał%2520Janowski,
0,none,2009-08-12
0,El%2520Chavo,
0,All_about_balls,
0,Delpiero,2012-03-05
0,Adam,2011-08-18
0,z31fanatic,2012-03-06
0,evee,2012-03-02
0,Danny%2520Penza,2009-09-14
0,GiGi*,2012-03-02
0,AKSupporter,2010-09-13
0,Delious,2012-03-20
0,"British%2520Beef,%2520Goan%2520Sp",
0,CRASHY,2012-03-04
0,Linez,2012-03-18
0,bkn,2012-03-03
0,Zenpath,2011-08-20
0,Comrade*,2012-03-03
0,D%2520Domaster,2012-03-20
0,cugino1897,2011-08-20
0,Arks,2012-03-03
0,Moe%2520C,2012-03-02
0,Will.,2011-09-02
0,Grandejuve10,2012-03-02
0,nickdil40,2012-03-13
0,Shake%2520Appeal,2011-08-20
0,smotch121,2012-03-03
0,LUISPMONTOYA,2012-03-09
0,ivoandov,2012-03-01
0,DelPiero,2012-03-05
0,juventindian,2011-08-20
0,Somnath_Sengupta_,2012-03-07
0,Ricardo%25201,2011-08-19
0,Milos%2520Bianconero,2012-03-07
0,Sabakku,2012-03-30
0,Akshuu,2011-08-19
0,juvejuan,2012-03-03
0,bianconerifann,2012-03-25
0,skippyjuventino,2012-03-03
0,mabz,2012-03-03
0,JuveJags,2012-03-03
0,UneFitojPaGjyqeDhePer,
0,NezPiero,2012-03-03
0,ghm,2012-03-08
0,juvestar,2012-03-20
0,Baggiomaniac,2012-03-02
0,borriello's%2520stylist,2012-03-26
0,Babyshambles,2012-03-27
0,PolarPanda,2011-08-20
0,nernie,2012-03-02
0,KalininDevin,2012-03-13
0,zizou%2520mike,2011-08-20
0,Calvin,2011-10-12
0,Colin%2520Johnson,2010-06-11
0,horowitz,2012-03-21
0,SamCalcio,2012-03-21
0,habsjuve,2012-03-19
0,Mitchwants30thscudet,
0,BianconeriFan,2012-03-16
0,DjFesta,2011-08-20
0,Hefe_Juve,2012-03-07
0,alexanderali,2012-03-06
0,JUVENOY,2012-03-02
0,Mouadh%2520xidouri,2012-03-02
0,Gaetano76,2012-03-03
0,Graham%2520MacAree,2008-02-12
0,Ryan%2520Rosenblatt,2008-04-22
0,Kirsten%2520Schlewitz,2008-04-10
0,Jen%2520Mac%2520Ramos,2008-10-25
0,Arron%2520Duckling,2010-11-12
0,NC%2520Nole,2010-09-11
0,Juan%2520Montoya%2520Noviell,2012-03-02
0,Stephen%2520Schmidt,2009-05-11
0,KarimJuve7,2012-03-03
0,Mr.%2520Guan,2012-03-03
0,Mootje,2012-04-25
0,JRob,2011-08-21
0,Aciccone,2012-04-29
0,area011,2012-04-10
0,ridone135,2012-04-26
0,DCASR,2012-04-05
0,florian_albert,2012-04-27
0,@motionwest,2012-04-20
0,3Rey0Juve3,2012-04-23
0,CabezaDeTortuga,2012-04-22
0,bmanson,2012-04-10
0,bjrnb,2012-04-19
0,Dlewis,2011-07-03
0,Wali10,2012-04-13
0,minhaj027,2012-04-07
0,del_ibrajuve,2012-03-17
0,Ralha,2010-05-30
0,Big_Muff,2012-04-01
0,FAV@,2012-03-23
0,SSR,2012-05-31
0,arshjot,2012-04-09
0,Awarshy#8,2012-05-09
0,zak1jufr1,2012-04-22
0,LaZonaDelPiero,2012-06-01
0,VoodooSteve,2010-04-05
0,akshay.hariharan,2012-05-24
0,Luis%2520Montoya,2012-05-07
0,jovanst,2012-05-25
0,ayanb11,2012-05-17
0,Sebanovic,2011-04-28
0,Juve%252010,2012-05-13
0,Zeee,2012-05-21
0,adelfiacco10,2012-03-10
0,meadow,2011-05-31
0,nicholas.amoroso1,2012-05-02
0,Divisio,
0,rivanoa,2012-05-08
0,ks_10,2012-05-07
0,Pouya,2012-05-06
0,TFalaknaz,2012-05-09
0,ESkARA,2012-05-06
0,reblz,2012-05-06
0,ArturoVidal,2012-02-12
0,Swanand,2012-03-24
0,unclearthur3,2012-03-29
0,clayguidashair,2012-01-22
0,jusufreja,2012-04-29
0,scudetto,2012-05-02
0,piotrunio,2012-06-15
0,Sunnyside83,2012-06-30
0,alxalxalx,2012-06-27
0,Ravi%2520Rajagopal,2012-03-29
0,CapitanoConte,2012-06-11
0,surya.basu,2012-06-12
0,eggzs,2012-06-07
0,Snow_ball,2012-08-01
0,suponk,2012-07-20
0,BlahBlahOleOle,2012-07-07
0,Wessa,2012-08-11
0,GiovaOz,2012-08-30
0,kheldar52077,2011-04-28
0,jackmanboss,2012-08-08
0,Orion10,2012-08-26
0,Nabae%2520Asfar,2012-07-31
0,east_is_dead,2012-05-21
0,HR1897,2012-08-30
0,juvetrini,2012-08-17
0,adjo.net,2012-08-29
0,kotakmakan,2012-08-30
0,PoliticallyCorrect&Su,
0,bestcarry,2012-06-04
0,Scotclod,2012-08-26
0,JJesse,2012-08-25
0,"\""Very%2520Mary%2520Ocean\""",
0,godaddyslte,2012-06-06
0,olborgna,2012-08-23
0,juvepersempre,2012-08-21
0,juvena,2012-08-22
0,blitzmaiden,2012-08-10
0,AC%2520MILAN%2520PER%2520SEMPR,2012-08-09
0,Monsignor,2012-08-07
0,LuluJuventini,2012-08-07
0,AntonioConte,2012-08-02
0,Non%2520mollare%2520mai,2012-08-02
0,tegabaloo,2012-05-19
0,quiquon,2012-08-14
0,Raitei,2012-09-01
0,Jacobz,2012-02-29
0,SSRao,2012-09-22
0,foxlive8,2012-06-09
0,losboba,2012-09-29
0,cucchiaio,2012-02-28
0,Tre%2520Stelline,2012-09-19
0,yazid,2012-08-22
0,El%2520Apache,2012-09-07
0,theRamster,2011-10-29
0,Ritajones,2012-06-17
0,Habana,2011-09-27
0,Gavin%2520Wright,2011-10-14
0,MychalShannon1,2011-07-05
0,Giulia,2012-09-18
0,dani.v.lo,2012-09-17
0,mirdle,2012-09-11
0,dpenn23,2012-02-26
0,bigbosss,2012-09-04
0,trailblazer12,2012-09-03
0,gaetano1,2012-08-20
0,VoxMediaUser210412,
0,P4bloG,2012-10-23
0,JuveBort,2012-10-21
0,patriciab,2012-06-19
0,Manuel111,2012-06-26
0,ju1897ve,2012-10-03
0,KerryFraser,2009-09-28
0,RasmusCPH,2012-10-02
0,Azim1980,2012-06-21
0,MatteoX,2012-11-30
0,Fantasia,2012-11-25
0,mantas,2012-11-25
0,unojuventino,2012-11-06
0,Frankie...,2012-05-30
0,areve,2012-11-17
0,Mikemacaroni,2012-11-15
0,mika.mensalo,2012-09-25
0,pestppest,2012-07-01
0,sidicx,2012-05-09
0,Tombonker,2012-11-03
0,forzacapitano,2012-10-31
0,MAJH%25201967,2012-12-31
0,rsolter,2012-12-20
0,Alex%2520Del%2520P1er0,2012-12-11
0,Marco.M,2012-06-01
0,fatalure,2012-12-01
0,ZAZA47,2013-01-30
0,DelPiero'sGirl,2013-01-19
0,Lak.,2013-01-18
0,nickdill40,2013-01-16
0,lemic,2012-02-19
0,D%2520Mo,2012-01-27
0,huashengp,2012-07-06
0,Maestro%2520Di%2520Marco,2013-01-11
0,guanglimo,2012-07-08
0,pokababa,2013-01-09
0,vicnasmilan,2012-04-21
0,mike.seedleton,2012-11-22
0,Marotta,2013-02-09
0,CrimsonTideGermany,2012-11-04
0,samjeremia,2013-02-24
0,calm-like-a-bomb!,2012-09-07
0,vicnaija,2013-02-16
0,Hibzdoom1,2013-02-15
0,footballisthebest,2012-08-19
0,Tarun%2520D,2013-04-01
0,KateL,2012-03-20
0,FORZAJUVE1897,2013-03-18
0,IncredibleAlex,2013-03-30
0,Number-10,2013-03-26
0,mitchMD,2013-03-28
0,BayernRedFury,2012-11-22
0,Kinkam,2012-03-24
0,Oatbag,2011-10-17
0,scalia1,2012-03-21
0,Cookie46,2013-03-26
0,aucy10,2013-01-01
0,Gastaldello,2013-03-29
0,walshey,2013-03-19
0,Pierson,2011-03-03
0,juergen,2013-03-15
0,JuventinoSenator,2012-12-16
0,pio.poma,2013-03-04
0,tretow1995,2013-04-25
0,Sports-at-home,2013-05-06
0,ultrafan11,2013-03-22
0,714,2013-03-20
0,johnnyap,2013-04-11
0,tbmack,2013-01-07
0,Dandy%2520Block,2013-04-02
0,nicksomething23,2011-02-12
0,Crackity%2520Bones,2011-09-04
0,pippo.skaio,2013-05-09
0,JuventusSF,2013-05-30
0,Amanda%2520Coletta,2013-05-04
0,julymang,2012-07-18
0,Il%2520Principino,2013-06-22
0,Pinturicchio,2013-06-27
0,Drewseph,2012-08-01
0,Anthony1984,2013-06-27
0,Danny%2520bianconeri,2013-06-20
0,Ram%2520Srinivas,2013-02-17
0,fortunato,2013-04-13
0,Danut,2013-06-06
0,Ricky%2520B,2012-12-30
0,Juvegw,2013-06-01
0,s-Domini,2012-03-04
0,comitet,2012-06-14
0,Nuncio#7,2014-09-17
0,fernandomdt,2013-07-27
0,Il%2520Guerriero,2013-07-21
0,number10delpiero,2013-07-26
0,Ghazi%2520Alnaji,2013-07-17
0,mafiosobianconero,2013-07-23
0,The%2520Black%2520&%2520White%2520Str,
0,Rustin%2520Cohle,2014-02-27
0,guanguangmo,2012-09-07
0,Smallzventus,2013-07-11
0,Ghazi%2520alnag,2013-07-08
0,aldobucs,2010-01-31
0,Mane%2520Land%2520Jeff,2010-10-06
0,jzeitlin,2011-07-26
0,pancia.grassa,2013-07-12
0,curveball2,2012-10-20
0,JuventusJuventusJuven,
0,Jonusg,2013-08-19
0,sodaro55,2013-08-11
0,Piccolo6293,2013-08-04
0,Stranger8,2013-03-06
0,Shaulan,2013-09-27
0,JRurouny,2013-09-13
0,gianco,2013-09-28
0,calm-like-a-bomb,2012-09-07
0,Boratti,2013-09-26
0,J.%2520David,2013-09-18
0,Pinturicchio9,2013-09-25
0,oleoleole,2013-09-14
0,Scaht%2520The%2520Sassy%2520Cat,2013-09-03
0,BlueSkidoo,2013-07-15
0,Ravishankar,2013-10-27
0,water_jiggler,2013-10-05
0,RudeMood19,2009-01-22
0,Sandros%2520hard%2520tackle,2013-08-13
0,Metal_Hummus,2013-10-24
0,7Bilal,2013-05-06
0,berge7,2013-10-21
0,BostonDroog,2013-10-08
0,alessandro.argentier,
0,COSMOB3AR,2014-04-10
0,Potato%2520Head,2013-02-13
0,Paolo%2520C,2014-04-12
0,Il%2520Gigante%2520Buono,2014-07-09
0,Pepsiman24-7,2014-07-28
0,Anthony%2520Turgelis,2014-05-28
0,philip_makati,2014-05-03
0,JuveFanSam,2015-01-18
0,Fefu,2014-09-16
0,Freddyrooster,2014-08-24
0,goangels1,2012-04-16
0,MacGoreth,2015-02-07
0,DonZia,2014-04-04
0,Kaushik_10,2013-04-10
0,Abdul%2520S.,2013-10-03
0,Nathan%2520RB,2014-09-19
0,Paul_1897,2014-03-06
0,algrafics,2013-11-26
0,juventusfan,2014-12-15
0,Aus_Juve,2014-07-10
0,Mondon7,2014-07-09
0,Aschehoug17,2015-01-13
0,JuveSal8,2014-07-03
0,VineetJuve,2014-07-29
0,Schroedingers%2520Cat,2014-07-16
0,Il%2520Pinturicchio,2014-02-15
0,mass19,2014-08-02
0,Jaymz%2520Hetfield,2014-09-24
0,MicheleNJ,2014-12-09
0,Tricyus,2014-08-01
0,charlimapi,2015-02-02
0,Marco_Chiazza87,2014-10-26
0,gigione_08,2014-12-06
0,The%2520Gringo,2014-01-27
0,Fuzail,2013-12-18
0,LucaBrasi9Trey,2015-03-25
0,woifmoa,2014-09-23
0,Overlord87,2015-03-05
0,il%2520calabrese,2014-09-24
0,DMcDoogs,2015-02-07
0,Deshev,2014-07-10
0,six8six,2015-01-10
0,Biancotom,2015-01-08
0,otroskap,2015-03-24
0,naijabiaconero,2015-03-28
0,shoebobs,2012-11-02
0,Adriano10,2014-02-20
0,azoblu3,2014-10-06
0,jyotiprdeka,2014-11-20
0,Djmas08,2014-10-09
0,arabian.D.light,2015-02-03
0,ADP710,2014-05-20
0,Seguun,2014-05-25
0,Harry%2520Lancaster,2014-08-31
0,Philbob5,2013-12-09
0,keasinho,2014-11-24
0,tmknapp15,2013-04-10
0,Colton%2520Denning,2010-03-23
0,lasagna,2015-01-11
0,emdclapton,2015-03-18
0,ADP1996,2015-03-16
0,Luxghanem,2014-10-24
0,Tibor,2013-10-03
0,BaniYas,2013-08-24
0,IvanLHartanto,2013-11-27
0,emd86,2013-11-06
0,adrian1897,2013-11-15
0,Genia%2520Leon,2013-11-05
0,moggi_the_don,2013-11-04
0,dhk999,2013-12-11
0,mike%2520zizou,2013-12-16
0,danago,2010-07-01
0,Juvenite,2013-12-22
0,Astronaldo,2013-10-20
0,Pavel%2520Ganchev,2013-07-05
0,Pumpkinsmash,2013-12-20
0,itsrandeeboi,2013-12-20
0,Rafael%2520Barbieri,2013-12-12
0,Hoosierdom,2013-03-29
0,Dan_Rose,2013-11-07
0,Sev8929@hotmail.com,2013-12-11
0,meskender5627,2013-12-09
0,Jed04,2012-05-24
0,FINOallaFINE,2014-01-31
0,Samjeremiah,2014-01-31
0,Misiek,2014-01-12
0,tom.krypa.3,2014-01-21
0,pisi99,2014-01-21
0,Matteo%2520Schlitz,2011-09-25
0,afiorini,2013-12-14
0,bren,2008-03-18
0,BlackandWhiteFIRE,2014-03-01
0,Harry%2520Young,2014-02-27
0,ryancstephens,2014-02-27
0,V23,2014-02-23
0,meskender27,2013-10-25
0,Nick(SATVlog),2013-10-14
0,Hjrl,2014-02-16
0,brian.maldonado.73,2013-08-09
0,Nets.RO,2012-01-04
0,water%2520_jiggler,
0,JOB_VI,2014-03-08
0,Master's%2520Apprentice,2014-03-08
0,FORZAJUVEPIERO,2014-03-24
0,Yaya%2520Ishaq,2014-03-12
0,Not%2520San%2520Antonio,2013-09-17
0,TrollBonerror-_-,2014-02-11
0,JustAFann,2014-03-04
0,bwrao,2014-04-27
0,Why%2520red?,
0,Rakib%2520sdq,2014-04-24
0,PHjuve,2014-04-23
0,priyadi,2014-01-31
0,ibster,2014-04-23
0,Formica%2520anonima,2014-05-06
0,pappdavid,2014-03-29
0,giacocool,2012-05-12
0,ob_trice,2014-04-04
0,pappdavid1991,2013-04-21
0,lazant,2012-09-06
0,duck_manson,2014-05-12
0,Willdutch,2014-05-18
0,lorenzo.vittorio,2014-05-26
0,yogisalv@gmail.com,2014-05-19
0,diegoc82,2013-08-04
0,rifat%2520hasan,
0,apl1980,2014-05-12
0,Jus_Nation,2014-05-02
0,Minaz,2012-09-19
0,Marco_CT,2013-09-03
0,DC2002,2014-05-10
0,Greg097,2014-03-15
0,XCJuventus,2014-05-01
0,Numero%252010,2014-06-21
0,BUCKNDEMHOEZ%25201,2014-06-19
0,Ramigharz,2013-10-30
0,Ital%2520Pike,2014-07-31
0,Socks221223,2014-06-16
0,JuvFlaix,2014-07-15
0,Patrickj11288,2011-11-09
0,Canadajuvefan91,2014-01-25
0,zebinaslap,2014-07-02
0,Gioh,2014-07-25
0,ChaRules,2014-07-26
0,dappa_alva,2014-07-25
0,lulu_juventini,2014-07-18
0,JUULESY,2012-03-07
0,eveee,2014-07-16
0,Meghshyam,2014-07-18
0,Aus_Juve97,2014-07-16
0,Kravaykov,2014-07-17
0,Jyoti%2520P%2520Deka,2014-07-04
0,AZN_Milanista,2014-01-15
0,HR1897.,2014-07-16
0,icky123,2014-07-16
0,joe.macaluso88,2014-07-15
0,dumbamerikan,2014-07-12
0,JohnWatson2,2014-07-09
0,(SCARY),2012-04-06
0,byornl,2014-07-10
0,AaronMadridista,2013-05-16
0,SleepyInsomniac,2014-03-31
0,Christopher%2520Robben,2014-07-03
0,dcano23,2013-12-15
0,London's%2520Best%2520Barman,2014-08-30
0,Soccer%2520God,2014-08-30
0,Joepro83,2014-08-30
0,The%2520Wise%2520Guy,2013-07-21
0,neeva,2014-07-17
0,ystwy,2014-08-19
0,TheProvidenceGrays,2013-12-01
0,dratz,2013-06-14
0,Pukas%2520Lodolski,2011-08-03
0,Angry%2520australian,2014-08-18
0,Seth%2520Callahan,2014-08-05
0,Angus%2520Macleod,2014-08-16
0,MVanchieri13,2014-08-09
0,Wirdah%2520Djarmad,2014-08-08
0,frizbo,2013-05-16
0,Chareose,2013-02-22
0,Johann%2520Burnett,2014-07-27
0,Tyrrell%2520Meertins,2014-07-16
0,Hamad777,2014-09-29
0,gowtham.ram.75,2014-09-27
0,Tudor%2520Tamas,2014-09-11
0,IlPalla,2014-09-01
0,out1andeR,2014-09-20
0,Claudiox8,2014-09-18
0,James.Douglas-Davies,2014-07-15
0,chickenandwuerffels,2014-08-08
0,lokli,2014-09-17
0,johnnyspotify,2014-09-17
0,Easy758,2014-09-16
0,Juveman1897,2014-09-16
0,l.b.,2014-09-02
0,varturo86,2014-09-09
0,gianluigimario,2014-10-23
0,Sul_Campo,2014-07-30
0,ChelseaWinsAgain,2014-06-18
0,Bazzer239,2014-10-19
0,damoc85,2014-10-24
0,complexcity,2014-10-01
0,AusJuve97,2014-10-19
0,thedissolutefox,2014-10-13
0,alexxx10,2014-10-20
0,RM1988,2014-04-06
0,patzid,2014-04-29
0,swagv,2012-04-01
0,BayernDusel,2012-03-23
0,hernan.hernandez1,2012-03-03
0,Florenzis.sideburns,2013-01-16
0,Patricius%2520McGoreth%2520Ba,
0,FraJuventino,2014-10-30
0,daddytorgo,2014-11-23
0,Nick%2520B.,2014-08-30
0,Aschehoug,2014-12-27
0,flipish,2012-11-21
0,fiasko54,2014-12-29
0,Derek%2520Kerr,2014-12-04
0,blerim,2014-12-23
0,Sromano27,2014-12-09
0,ryan.marsey1897,2014-12-18
0,fdemey,2014-12-09
0,alicerobbins1,2014-12-16
0,68Trewqtrewq,2014-12-13
0,Tripoli%2520Libya,2014-12-09
0,Big(g)%2520Ern,2011-07-26
0,Un%2520Sorriso%2520Dipinto,2013-12-11
0,Zoran%2520Krstin,2014-10-30
0,Pedness,2014-12-09
0,Tim%2520K.,2014-12-04
0,CromeYellow,2015-01-18
0,Paolo%2520Kolnay,2014-12-16
0,FinoAllFine,2015-01-15
0,abhishekp,2014-09-16
0,JuniorD,2011-11-20
0,ChuckNor,2013-01-08
0,VoxMediaUser2519008,
0,louisthompson1000,2015-01-08
0,bigjim6464,2015-03-10
0,Bella_Nutella,2014-11-21
0,juveflaix,2015-04-12
0,OM1D,2015-03-09
0,RyazoR,2015-04-24
0,Sub_Zero,2015-04-14
0,Valyrian%2520steel,2014-03-02
0,FCBMSN,2014-01-28
0,tebby,2014-06-04
0,TonyG2015,2015-04-17
0,jose%2520h,2015-04-23
0,bucket90,2015-04-26
0,ilovemysofa,2015-04-23
0,Giancarlo8,2013-06-19
0,pedram-s-m,2015-04-09
0,semperty,2014-06-25
0,MEhSSI,2015-03-31
0,msalmanz,2014-05-27
0,jp%2520deka,2015-02-12
0,Zidane5,2013-07-18
0,kemba%2520walker%2520is%2520my%2520he,
0,bigdukesix,2009-10-24
0,ManJuveUnited,2014-08-16
0,GiovanniAnfossi,2015-05-20
0,ADP#10,2011-05-26
0,akash%2520verma,2015-03-20
0,Night_Wolf,2015-05-13
0,MiBaldo,2015-05-12
0,Rashid%2520Alnimr,2015-05-16
0,Il%2520Conte%2520di%2520Monte%2520Cri,
0,Jyoti%2520Deka,2015-05-20
0,floydology67,2015-05-30
0,RomanistaPerSempre,2015-04-12
0,MGH4,2015-04-23
0,AmericaninItalia,2015-05-21
0,buhi91,2015-05-22
0,ogz,2015-05-14
0,Julesy,2015-05-07
0,Anders%2520T,2013-07-20
0,Steven%2520Cordero,2014-01-05
0,sabino%2520italia,2015-05-16
0,Le%2520Parisien,2014-09-01
0,juanito7,2014-07-03
0,ForzaPupi,2014-08-09
0,thorpower,2014-12-21
0,AsFan88,2013-02-20
0,MarcoV,2014-11-29
0,oddsbodiSkins,2014-07-12
0,LosBlancos7,2014-06-30
0,luck-ycoltsfan19,2014-02-21
0,BayernMunchen,2014-11-26
0,krkhan,2012-02-25
0,Syre,2014-03-12
0,Madrid7,2014-07-15
0,kaymav,2014-10-07
0,Shaco,2015-04-20
0,NgWilly83,2015-05-06
0,Iscodisco17,2015-03-01
0,JoseM14,2014-07-10
0,RSourov,2015-02-01
0,Alvaro.T,2014-10-25
0,Lucas%2520Navarrete,2009-04-06
0,hayk.yeghiazaryan,2013-09-21
0,It's%2520Always%2520Raining%2520,
0,Juveman,2015-07-01
0,Fawkey,2015-06-19
0,Juve%252096,2015-06-08
0,brotherfranciz,2015-06-23
0,footballfordoze,2011-10-07
0,WorldWideM,2015-06-25
0,Oliversandex,2015-06-20
0,teeth212,2015-06-18
0,IlPinturicchioGrande,2015-06-19
0,JuveLdu,2015-06-19
0,falcini,2015-06-17
0,Antwanntoon,2015-06-15
0,Blerimm,2015-06-07
0,citizenleung,2011-07-02
0,BarcaBarca,2014-07-03
0,Ayush%2520Tiwari,2014-01-05
0,AJ03,2014-01-17
0,henderick.mitchell,2014-04-18
0,Andre1908,2015-06-07
0,cefiro22,2015-04-25
0,Mohammed%2520Nabeel,2015-06-06
0,nicogood,2015-06-06
0,MrLegendary1,2014-10-24
0,juvefan2000,2015-06-04
0,zazone,2015-04-10
0,Timo%2520Ihlenburg,2015-01-06
0,Mahesh%2520V,2015-06-01
0,del%2520piero%252010,2015-06-02
0,fadill,2013-03-15
0,SAVKFC,2015-07-08
0,MJA11,2015-07-13
0,Lanre_LeRoi,2015-07-31
0,ForzaJuveGunnerz,2015-07-19
0,Joshosaurus%2520Rex,2015-07-16
0,OldLady,2015-07-24
0,Auronium,2014-06-26
0,ditodw,2015-07-25
0,bburdge,2014-06-08
0,saNtizzle,2013-11-08
0,Pavel%2520Nedved,2015-07-05
0,op131,2015-07-31
0,bijanbest,2015-07-08
0,Nidespirito8,2015-08-10
0,faysalS,2015-08-17
0,Zeno's%2520Juve,2015-07-22
0,Imad%2520J,2015-03-08
0,1HarveyBirdman,2015-07-23
0,shizzle787,2015-07-18
0,JFXB,2014-09-03
0,Andy_JuventinoPerSemp,
0,CH5279,2015-07-20
0,Conor%2520Dowley,2010-08-14
0,Beeren,2015-07-03
0,AaronK47,2015-01-31
0,kevinsteinbach,2015-07-17
0,Elassassin,2012-04-15
0,Maksimiliano,2015-07-10
0,Roberto%2520Baggio%252010,2015-07-03
0,afaraob,2015-07-03
0,PaddyFett,2010-02-10
0,ElegantApe,2015-07-01
0,theanonymoususer69,2015-08-02
0,Rezbal,2015-08-23
0,suckerformetal,2015-08-25
0,amorosojuve95,2015-08-31
0,NoVaBurgher,2011-07-18
0,VoxMediaUser3042082,
0,juventuss,2015-08-19
0,friday12,2015-08-01
0,ASN,2015-08-31
0,Ikhwan%2520Akbar,2015-08-31
0,Buckeyes%2520&%2520Bianconeri,2015-08-27
0,oidrees,2015-08-31
0,Romeotantan,2015-08-24
0,Numero23,2015-09-01
0,Valanii,2015-08-31
0,lex%2520ogun,2015-08-31
0,yayajax,2015-08-05
0,iuventus,2015-08-31
0,Trama,2015-08-30
0,Radja's%2520Unmentionable,
0,Dediero,2015-08-31
0,Barbarosssa,2015-08-15
0,Jamesavoire,2015-08-19
0,T.Vgen,2015-08-13
0,Ikram10,2015-08-20
0,cognosciento,2015-08-30
0,CavalloCazzo,2014-08-21
0,Adal10,2015-08-29
0,FriuliJuve,2015-08-11
0,ronsik,2012-04-10
0,dhammyluv,2015-08-19
0,jjalavez,2015-05-26
0,lucashmoura,2015-03-25
0,sasaro,2015-08-28
0,KJuve,2015-08-21
0,DayOne%2520RackYat,2015-02-06
0,tondy_s,2015-08-23
0,kinan%2520sawaf,2015-08-22
0,LordMarquis,2015-08-22
0,justin-time,2015-08-20
0,Giancarlo3000,2013-12-27
0,PhilaJuve,2012-01-12
0,AndreaPirlo,2015-08-18
0,wahyouis24,2015-08-10
0,Oxodox,2015-08-09
0,Truventino,2015-08-08
0,Taurus_,2015-07-29
0,Rovv,2014-06-15
0,Zdibba,2015-08-01
0,delpiero_10,2015-09-21
0,MichaelAmbrosi,2010-10-17
0,benedictsoetardjo,2015-09-04
0,DukePettyjohn,2008-11-22
0,Juventus4ever,2015-08-27
0,Joxn0915,2015-09-21
0,m16ice,2015-09-30
0,Rabih%2520H.,2015-09-16
0,Don-diego,2015-09-26
0,cisned,2013-10-08
0,Ro6,2015-08-24
0,Rexhi_H,2015-09-14
0,amazing%2520disco%2520ninja,2015-09-19
0,khodorjuventus27,2015-09-26
0,Gigi78,2015-09-20
0,AlmightyStokes,2015-09-24
0,PoliticallyCorrect&BR,
0,scafka,2015-09-21
0,rich330,2015-09-17
0,Matheus%2520Marques,2015-09-15
0,maxalo90,2013-05-25
0,ashu%2520john,2015-06-19
0,Juve-istaSince84,2015-09-13
0,Dritoni,2015-09-14
0,m.atthew,2012-10-30
0,Ahmed%2520Azmi,2015-09-05
0,KyLoG7,2015-09-01
0,MLG%2520Bush,2015-10-07
0,kmartino,2015-10-21
0,lecutinsideman,2015-10-21
0,BringBackTevezPirloVi,
0,analyst%2520therapist,2014-10-10
0,poopchalupa,2014-12-08
0,Juve_Chr1s,2015-10-29
0,Juve-is2die4,2015-09-01
0,Juve_fan,2015-10-22
0,SerchRC,2015-10-23
0,TermopilaeB&W,2015-10-30
0,sirrogerhunt,2015-10-28
0,il%2520vecchio%2520signore,2015-10-28
0,khodor%2520ayach,2015-10-28
0,juveforever,2015-10-28
0,omick,2015-10-17
0,JuveTdot,2015-10-21
0,simonepadoinn,2015-10-20
0,BreJuve,2015-10-21
0,Sean%2520Levy,2015-04-13
0,LORD%2520ZAZA,2015-10-22
0,nnneene,2015-10-21
0,alesssjuve,2015-10-21
0,Chief889,2015-10-18
0,peter85,2015-10-10
0,ChiTownJuve,2015-10-05
0,Jexam,2015-11-10
0,xavier_alvarez27,2015-11-19
0,Peter%2520Herr,2015-11-26
0,maxnucci,2015-11-25
0,Yormie03,2015-11-10
0,The%2520Supreme%2520Leader,2015-07-09
0,JayQ8,2015-11-19
0,O_Fenomeno86,2013-05-23
0,NoCheatingNoParty,2015-11-09
0,Bzine,2015-11-08
0,Patrick%2520MacGoreth%2520Bar,
0,tkovach05,2015-11-07
0,jeanyvesmoustache,2015-06-16
0,JudeParas,2015-12-30
0,Cool_Wirya,2015-12-27
0,A2BTRAIN,2011-12-14
0,mmmCheese,2010-01-09
0,footballmylife,2015-12-17
0,chris-9999,2011-04-02
0,TAYER8888,2015-12-16
0,sxswilson,2014-09-06
0,PinoJuventino,2015-12-16
0,Dyballer,2015-12-14
0,Carlos%2520Tevezz95,2015-12-14
0,costalot,2015-12-16
0,turtletrader,2015-02-12
0,giovamauri77,2015-12-26
0,NickVit,2015-08-16
0,Elpirrito20,2015-12-04
0,Axtronaldo,2016-01-25
0,Not%2520Pavel%2520Nedved,2016-01-17
0,Sairos,2015-08-10
0,Francesco%2520Cosentino,2016-01-07
0,pdimice,2016-01-29
0,Nam14,2015-12-16
0,Antonio%2520Munteanu,2015-08-16
0,juventino97,2016-01-28
0,KhodorAyach,2016-01-23
0,VaporX,2016-01-23
0,Lionheart%2520Richie%2520B,2009-05-18
0,Jimmy%2520Miotto,2012-09-14
0,"ASR%2520\""Axel\""%2520Alex",
0,MagicaRoma,2012-02-19
0,Pogboom,2016-01-11
0,Hamasat,2016-01-10
0,World%2520Cup%2520T20,2016-01-10
0,HMZ88,2015-03-12
0,JuvAlex,2015-12-29
0,Follow%2520The%2520Sun,2016-01-06
0,TerryJuvee,2016-11-03
0,Ineednoname,2016-03-21
0,super%2520borot%2520#10,
0,KeiWaiYu,2016-07-14
0,mr.rudy,2016-06-17
0,Carolina_bianconero,2016-07-18
0,delpiero21,2016-03-15
0,Cyberspace_,2016-07-26
0,Hunter_Sharpless,2015-12-07
0,Lelouch%2520Vi%2520Britannia,2016-07-21
0,KemasRashad,2017-02-07
0,alainbrown,2016-07-28
0,Firmansyah,2016-03-17
0,JuveRavensTX,2017-03-09
0,Erijuve97,2016-06-21
0,amc1088,2016-05-04
0,Nova%2520Jr,2017-02-15
0,Ondra%2520Paul,2014-07-05
0,Samir%2520Rizvi,2017-03-11
0,Lester%2520Williams,2016-08-23
0,arijitdarren,2016-06-28
0,AlKhodor%2520Ayach,2016-05-06
0,Chrisqwe,2017-03-14
0,napoleonic,2016-04-27
0,ChrisInTheUs,2016-12-08
0,pufi,2017-01-25
0,Dhibz,2016-06-07
0,flim,2016-07-27
0,PIRLO%2520IS%2520NOT%2520IMPRESS,
0,robes5yo,2016-07-06
0,Sam%2520Lopresti,2017-02-07
0,tartaruga,2016-05-26
0,BuffonHathSpoken,2016-07-20
0,MartinConnolly,2016-04-20
0,juventino3174,2016-08-12
0,Rustin%2520the%2520second,2017-03-16
0,WHY?!!!,2009-05-15
0,Srivatsav28,2016-01-11
0,Bakpao,2016-06-17
0,truejuve9ja,2016-12-08
0,Marz_87,2015-08-23
0,gaheris,2016-02-05
0,Iker%2520Esquivel,2017-02-07
0,gebnsty,2016-07-23
0,#alexsandro,
0,Siddhant%2520jain,2015-11-08
0,Manic%2520Panic,2017-02-10
0,Cheetahlive,2016-06-22
0,CH%2520Ho,2016-04-12
0,ImissGiovinco,2017-01-18
0,Vatchejuventus,2017-03-18
0,MarcoD77,2016-01-23
0,Keelhaul,2009-05-04
0,Rabih%2520Hatem,
0,Albiceleste%2520D10S,2016-11-02
0,Roberto%2520Baggio,2016-11-22
0,Internazionale%2520per%2520se,
0,Mrinal_98,2016-09-30
0,Giaccherini's%2520Army,2016-07-03
0,PS23,2017-01-25
0,Nicolas%2520Ferzli,2017-02-07
0,christa%2520noel,2017-02-11
0,mmaster6,2016-08-18
0,michael.mastro,2016-09-19
0,el_gringo,2017-02-11
0,sourov_sourov,2016-09-21
0,Kitamain.com,2017-02-18
0,rjr91,2016-10-04
0,Kieran%2520Buckley,2017-02-21
0,Sambaj,2016-08-17
0,l'avvocato,2017-01-20
0,avyator,2014-11-22
0,Szwedo,2016-03-06
0,derlemke,2010-03-15
0,Signal%2520Input,2016-08-12
0,flappyjacks,2016-12-05
0,JPallafine,2016-03-31
0,Slow%2520Country,2009-06-05
0,Slant,2016-12-30
0,nobi,2016-02-11
0,Scientists%2520W.B.,2016-04-15
0,JuveDragon,2016-08-16
0,boose,2016-05-23
0,Farouk%2520Benmati,2016-10-25
0,RollingRobben,2016-11-24
0,peter90,2016-02-23
0,Jiwonsi,2011-04-10
0,Mikkel%2520Andersen,2016-07-29
0,Flixlix,2017-01-07
0,Dhaxx,2016-07-15
0,Martin%2520Badger,2016-10-26
0,mono_mofata,2016-07-19
0,John%2520Tard,2016-09-30
0,holiday%2520park,2008-12-15
0,Julius%2520Ado,2017-01-17
0,FebrianEdo,2013-10-04
0,dsobe,2017-01-22
0,LM-Lightfoot,2016-12-06
0,inferno12,2013-05-29
0,moalajiki,2016-08-28
0,FaizanJaved_23,2017-01-29
0,James%2520Doakes%2520''Surpri,
0,Abdullah890,2016-12-03
0,ForzaJuve1097,2016-12-03
0,Gellar%2520Bing,2015-09-27
0,Ahmed%2520Warsame,2016-08-07
0,Sabino95,2016-12-10
0,Juventus%2520is%2520Good,2016-03-02
0,Nuvolari,2016-12-11
0,ASR%2520Nel%2520Cuore,2016-04-08
0,kubi9ja,2016-12-12
0,Assino,2013-01-18
0,abdellahelassad,2016-12-17
0,Junaid%2520Joni,2016-12-17
0,yohasahkura,2016-12-17
0,RT266,2016-12-21
0,AxNeeL_241,2016-12-22
0,DCosta27,2016-12-23
0,shorifakhatun391,2016-12-23
0,Amir%2520Khan,2016-12-23
0,FanaticTIGRERO,2016-12-29
0,SpikeCB,2014-11-26
0,James%2520Mcckoy,2017-01-02
0,Deletedacc,2016-03-16
0,wayverippah,2016-07-15
0,Juventino68,2016-08-24
0,Pablo1982,2016-01-26
0,Martinezrudy,2016-09-18
0,Juve%2520Warrior,2012-03-03
0,PutbolGeniyes,2016-11-06
0,The%2520black%2520&%2520white%2520way,2016-08-29
0,Maz747,2016-07-26
0,Indiego,2016-02-19
0,Forza%2520Juventus%252022,2016-04-24
0,sasanjfr26,2016-09-10
0,TriniJuventino,2016-11-12
0,Trip%2520McNeely,2016-11-27
0,gigione_008,2016-11-28
0,Munhumutapa,2016-07-23
0,alimomoney,2015-12-03
0,johnnyrussoa3,2016-10-05
0,Afghan-Juventus,2016-05-08
0,JustHelping,2016-10-15
0,harambesnotdead,2016-10-16
0,AlexOL,2015-12-03
0,Connor%2520Chang%2520Laing,2016-10-18
0,Geniussssssss,2015-09-02
0,ZankrutDoshi,2016-02-24
0,Saurabh%2520Nandrekar,2016-10-26
0,Thornike,2016-10-30
0,ghandalf,2016-08-09
0,mntrumpterguy,2013-03-13
0,Fino-Alla-Fine,2016-07-20
0,swomack,2013-09-02
0,BAAAM!!!,2016-07-28
0,Mr.Potato,2016-04-04
0,ConteCanKanteHimself,2016-08-21
0,Ivan16,2016-08-28
0,1987Azzurri,2016-09-13
0,Capocannoniere,2016-05-18
0,Rex%2520Gunathilaka,2016-07-24
0,Vedadi,2016-03-18
0,brendenl6293,2016-06-23
0,Juve88,2016-08-08
0,jacquesparrow,2016-03-21
0,Juve75,2016-09-18
0,Gio%2520Simone,2016-09-18
0,Meghashyam%2520P,2016-02-10
0,Corey%2520Bunch,2016-09-20
0,Hkl.mr,2016-06-16
0,IkhwanAkbar,2016-09-21
0,Wobbitt,2016-03-18
0,ibrajuve,2012-03-06
0,Why?!,2009-05-15
0,TerryJuve,2016-07-25
0,Meathead%2520Harv,2016-08-02
0,legendary%2520loner,2016-01-03
0,Anton%2520ST,2016-07-16
0,Chels,2011-11-24
0,Failla1986,2016-08-06
0,_alexanderali,2016-01-27
0,MosefBoomBox117,2015-01-23
0,Jerome%2520Brown99,2015-08-07
0,J_R_B_15,2014-11-05
0,Bogdan%2520Adrian%2520Burciu,2016-08-07
0,Insawn%252011,2016-03-08
0,EBickford1,2014-11-18
0,BlueDolphin,2016-06-28
0,christopherson95,2016-08-09
0,Sebastian%2520Fusco,2016-08-10
0,Delpiero92,2016-08-10
0,Loan%2520With%2520Option%2520To%2520B,
0,Davs75,2016-08-12
0,Jihad%2520J,2016-01-30
0,Solo%2520As%2520Roma,2016-08-09
0,sunny%2520bhaskar,2015-03-20
0,skywalkerbrett,2015-01-05
0,AceAlessandro,2016-08-25
0,Harsh%2520Reality,2016-08-26
0,Hidayath%2520Ansari,2016-02-21
0,Nnaya,2016-08-27
0,james1992,2016-08-29
0,Arno21,2015-06-04
0,Hiba%2520Abdi,2016-08-31
0,RenzoRenzi,2016-08-30
0,Loco_Locass,2015-01-16
0,drogzy,2016-05-03
0,VivaLosBlancos,2014-02-01
0,Juventus%2520hi5tory,2016-04-27
0,jerrydead17,2010-12-09
0,Promethean%2520Forerunner,2012-11-01
0,Brandon%2520Migliore,2016-07-15
0,quackz,2016-04-28
0,Gaj%2520Ahmada,2016-06-18
0,Massimo%2520Di%2520Culo,2016-07-16
0,zmoney413,2016-07-20
0,duxsoccerguy,2016-04-22
0,nedved1811,2012-09-02
0,Toni%2520Mosconi,2016-07-21
0,Juventini4eva,2016-07-21
0,ViPad,2016-07-21
0,Kick%2520som%2520balls,2016-07-22
0,RoOKi3,2016-07-22
0,Mob1991,2016-07-23
0,City%2520of%2520Angels,2016-07-24
0,atitlan,2016-07-24
0,TRON%2520TRON,2016-07-26
0,setiajiatma,2016-07-26
0,forzajuveindia,2015-03-05
0,RetroXXRockstar,2016-07-29
0,jero86,2014-10-19
0,Muhammad%2520Najeeb,2016-02-24
0,brnbrnbrn2017,2016-03-26
0,Michael%2520Mastro,2016-04-12
0,claudiok69,2016-06-02
0,Mr.Potatoe,2016-06-03
0,mns%2520juve,2016-02-20
0,Tris%2520Del%2520Piero,2016-06-08
0,Timm%2520Higgins,2011-05-05
0,alis05,2016-06-09
0,juvecrazy,2016-06-11
0,ildivo1,2016-05-31
0,Mr.%2520Beer%2520and%2520Chill,2014-12-02
0,Dybalala,2016-06-21
0,YungNasib,2016-04-06
0,alamgirf12,2016-06-27
0,alonestewie,2016-06-27
0,GigiDelPiero,2016-06-29
0,Nandaki,2016-06-30
0,Gianluigi%2520Buffon,2016-03-26
0,devdowney_USC,2014-03-26
0,Jens%2520Jensen,2015-12-09
0,Giuliano%2520Benaglio,2016-05-02
0,Chuchodinho,2016-02-01
0,BzineJuve99,2015-11-29
0,tumparani2,2016-05-21
0,Juvree,2016-05-25
0,JuveNigeria,2016-05-22
0,HS_juventino,2016-05-31
0,londonfab,2016-04-02
0,AlexSandrodamassa,2016-04-03
0,philip.makati,2015-01-01
0,know__body,2016-04-01
0,mikedavis1982,2016-04-21
0,Juve%2520of%2520Port%2520Harcourt,2016-03-02
0,lester44,2016-03-03
0,Jrobin,2016-02-23
0,copu1404,2016-03-16
0,furiog,2016-02-24
0,Qjn783,2015-02-02
0,vene777,2013-01-15
0,CaptainFuzzyboots,2015-09-29
0,Rob%2520Usry,2014-10-21
0,Abu%2520Kholid,2016-03-17
0,FlyingJet12,2012-12-17
0,Elyrian,2016-03-18
0,Bearded21,2016-03-20
0,Nibbles_,2016-03-17
0,Richard%2520C.%2520Paolillo,2012-08-01
0,Erickson11,2016-03-15
0,shv580,2015-05-13
0,Edd_kurnia,2016-02-04
0,SounderTX,2015-09-06
0,mnsjuve,2016-02-06
0,NapolifaninVA,2014-08-19
0,Patty%2520Mills%2520for%2520three,
0,kipaykipay,2016-02-28
0,lumaduyape,2016-02-27
0,ketu,2016-02-29
0,Frank_Einstein,2016-02-23
0,fadillrezha,2015-07-06
0,Sampreeth095,2016-02-24
0,RocNY9,2016-02-25
0,haaandyvandy,2018-07-31
0,DanyC,2018-08-21
0,zodrex_nvm,2018-05-26
0,artealiz,2017-08-14
0,RobinTheRubeFan,2018-03-28
0,titotoro,2017-05-28
0,Altis,2018-07-11
0,7Bilal7,2014-05-24
0,MLet,2018-07-28
0,PauDyballer21,2018-02-21
0,invariant_yep,2018-02-22
0,AdhiM7RFCR7,2017-12-07
0,#finoallafine,
0,Ahmad%2520Alibrahim,2018-04-11
0,domin.ix,2016-03-17
0,Shuddho,2017-10-19
0,RorySeeds,2018-03-06
0,adam_p,2018-04-03
0,JuventusFC,2017-11-22
0,Abu_Kholid,2018-01-11
0,hreikan,2017-05-16
0,KING%2520Marty,2018-04-10
0,Pisciala,2017-12-28
0,ravanello,2017-05-13
0,TAFKAP,2017-12-08
0,J.Putra,2018-06-27
0,Sandman93,2017-08-23
0,Deligt4,2018-01-07
0,Cannibal%2520Burress,2015-10-05
0,incredible%2520holc,2017-07-01
0,Pavel1994,2018-04-04
0,Juve%2520Infinity,2017-10-03
0,YoSoyBiancoNero,2018-08-18
0,vikingos77,2017-09-21
0,jamaican%2520juventino,2017-11-02
0,Rishabh%2520Mandayam,2018-03-20
0,Ian%2520Abe,2017-07-17
0,ZIDVED211,2017-04-18
0,cumicumi26,2018-07-19
0,captain_astro,2018-05-30
0,VoxMediaUser2979294,
0,No1073,2018-05-30
0,Madridista44,2018-07-03
0,madridman,2015-06-13
0,Length,2018-08-25
0,luiskzu,2015-10-17
0,resko,2017-06-14
0,ItalianStellijon,2017-08-15
0,YoungStarDCx,2017-04-12
0,tomkrohn,2018-01-22
0,joe88,2015-05-02
0,rjr96,2017-07-14
0,cabeo,2017-11-23
0,Raghav%2520Samdani007,2017-05-26
0,Asuzor77,2018-08-26
0,hky4eva,2016-01-24
0,Anfi8,2016-04-28
0,Bayern_Thunder,2017-04-21
0,adyalomi,2018-08-03
0,guarrangaa,2017-07-21
0,ticchi19,2017-09-09
0,MrShake,2016-02-28
0,ForzaJuve83,2017-07-13
0,iuventio,2017-08-19
0,Weiß%2520und%2520Schwarz,2018-06-12
0,AmmarS,2017-07-14
0,NYCSKYWALKER,2016-10-13
0,mrafiqmnndr,2018-06-19
0,lapennabianca,2018-04-04
0,Denzel%2520Valentine's%2520Hu,
0,Tlm5,2018-01-20
0,Smntr_Brnj,2017-01-23
0,Centra,2016-03-17
0,Jvckk,2017-05-12
0,SG88,2018-07-07
0,Pandini,2018-04-09
0,Bo55in%2520it%2520juve,2016-09-24
0,Barnese%2520and%2520Bailey%2520Ci,
0,Juve%252074,2018-07-18
0,InterPooL,2016-09-04
0,Missmyadp,2018-04-13
0,sparktakos,2018-08-02
0,Jembuk,2017-06-03
0,jonnyrooten,2018-07-25
0,Opensesame,2016-04-27
0,DiMaestro,2018-07-29
0,maximdim,2008-12-23
0,seandoyle595,2018-07-26
0,tiacobelli36,2015-10-02
0,Nikhil_forever%2520a%2520bar,
0,CarloPinsoglio201,2017-08-01
0,Darius%25202.0,2018-07-31
0,Uhsh,2018-07-21
0,Jason%2520Kane,2018-07-13
0,BaltiBaba,2017-06-01
0,RAPHAEL%2520OGB,2018-02-01
0,Paulo%2520Pogboom,2017-06-10
0,Lukita,2017-09-13
0,Brooklyn_Giants_Juve,2018-08-10
0,Alex%2520Sklitsis,2018-04-14
0,Bitanshu,2014-08-18
0,igedei,2017-06-04
0,A%2520ZEE,2018-06-25
0,Thiago6Time,2017-08-24
0,aant,2018-02-16
0,REL503,2018-07-05
0,cyrixgr,2017-01-30
0,ahmedsanai,2015-04-14
0,skammust,2018-02-13
0,bruno817,2018-02-09
0,FanFromLA,2017-11-06
0,ILLNole,2015-09-11
0,Matty%2520Sh,2017-01-25
0,No_Mad,2018-07-21
0,Nathan%2520Velardi,2018-08-05
0,Ezek%2520Ix,2015-03-02
0,cjackc,2016-11-10
0,Lech%2520Staniszewski,2018-03-31
0,Willem%2520Defoe,2017-04-21
0,jaggi_d,2016-03-18
0,Junedved,2018-08-24
0,Hikemeister,2013-05-06
0,SouravSMJ.,2018-04-13
0,Ai1990,2017-06-05
0,Yo%2520soy%2520el%2520Real%2520Madrid,
0,AlexFun,2018-08-25
0,Lord%2520Douglas'%2520#1%2520Fan,
0,snape's%2520greasy%2520hair,2017-06-22
0,ivan.,2011-10-30
0,58888833668887777,2018-06-04
0,Roi_David_XVII,2017-01-29
0,Fab_Florida,2018-07-05
0,HeliKloppter,2016-12-29
0,Olumyd,2017-06-04
0,ROMAN%2520KHAN,2017-05-20
0,Nyorh%2520Tasbrad,2017-07-12
0,madr1d1s7a,2016-07-06
0,Darius117,2018-06-21
0,Alaa%2520Jarwan,2011-09-04
0,MartianManhunter7480,2017-01-19
0,Jus_C,2017-11-01
0,Michał%2520Es,2018-02-14
0,Haliaetos,2015-04-30
0,Genia!,2018-07-04
0,GabrielT,2018-07-04
0,Caalypso,2017-12-10
0,LaSenyera,2013-08-30
0,Prakash07,2016-07-12
0,Soj_G,2017-08-09
0,Lukamodriclm10,2016-08-24
0,Octopus92,2018-01-03
0,SS6481,2017-10-31
0,Divyansh%2520shukla,2015-09-01
0,Chilangol,2012-06-20
0,Wobbs,2017-06-06
0,Ivan%2520Biandji,2015-04-02
0,Proud_of_FC_Bayern,2017-07-27
0,Suradi%2520Hendrix,2017-05-23
0,Mayhem7,2016-03-14
0,barney_stinson,2017-06-08
0,chiefs_BlueCFC,2012-12-31
0,Addy_Madridista,2014-03-17
0,Gliazzurra,2017-06-03
0,Kroos'd_It,2018-02-04
0,SeñorMeow,2017-07-17
0,Charrrules,2017-05-27
0,outoftheblueand,2018-01-08
0,BBiron,2018-07-14
0,zepapires,2017-01-28
0,Rohaan1997,2016-02-27
0,AIMAR%2520Valencia%2520CF,2017-07-29
0,Venividivici_,2018-07-17
0,christopherson,2018-07-18
0,viurajuve,2015-06-15
0,Uffa%2520uffa%2520fa,2018-07-09
0,Iambigjones,2015-01-13
0,Vasile40,2018-07-28
0,blind%2520ref,2015-06-23
0,Deadraizer,2012-05-28
0,Navjot%2520Kasukurthy,2015-06-20
0,Prima%2520La%2520Juve,2017-01-03
0,Gerald%2520Moore,2018-07-31
0,Philip%2520Galsu,2017-07-21
0,Manu%2520C,2018-02-10
0,Lirigon,2018-03-28
0,ALI-ZEE,2018-05-10
0,magna%2520barcass%2520licksuc,
0,Bekhelius%2520the%25202nd,2018-06-07
0,Buff#1,2008-07-28
0,grandeblue,2013-02-28
0,dallagente,2014-07-09
0,davidzavac,2011-12-12
0,Brewcattt,2017-09-21
0,bianconerichopin,2017-12-06
0,Alex%2520Zi'Dane,2018-02-25
0,Ade%2520Abbas,2017-10-21
0,shawnjuvelyf,2017-07-14
0,Derinëfund,2018-05-18
0,Hala_Madrid!,2017-12-19
0,cmt4juve,2013-02-13
0,Fishslap%252033,2014-10-21
0,User1897,2017-11-09
0,e_e_l,2015-11-11
0,SambaSuperstar97,2017-08-08
0,Dark_Invader,2016-08-03
0,nmarino96,2017-11-20
0,Maxsego,2018-04-04
0,ELOHIM,2016-11-26
0,k.jabs,2016-02-03
0,IlPensatore16,2015-01-17
0,Walex_Ohgee,2017-07-16
0,Reece_Ingham,2016-07-02
0,Silas%2520Greaves,2016-07-04
0,Bingiboy,2014-09-17
0,Mounir%2520Waitforit%2520Benb,
0,ramor,2015-06-05
0,rohancr7,2016-08-29
0,AngAbleGenius,2017-04-25
0,VitoCheCazzo,2018-02-16
0,PIRLO%2520IS%2520NOT%2520IMPRESS,
0,NJ%2520Spurs%252092,2017-09-12
0,rexthejet,2011-01-14
0,Dustin%2520Menno,2011-02-11
0,Fox%2520in%2520the%2520Box,2014-08-31
0,Agent%2520Australia,2015-12-03
0,Arijit...,2016-07-23
0,paaps0,2017-09-20
0,Brandon%2520Carusillo,2016-10-05
0,Daniel%2520Costa%2520109,2018-01-12
0,Lacantina,2017-08-17
0,Antonis_pinturicchio,2017-10-10
0,RiverOnFire,2014-07-11
0,finoallafineforzajuve,2017-08-13
0,Eurotel,2017-11-05
0,Bikram%2520Duarah,2017-10-01
0,Abrar%2520K.,2017-03-28
0,jmanr003,2017-08-14
0,PaoloMonteroFan,2017-06-07
0,BenDav,2017-04-24
0,revnout,2017-06-29
0,chimopol,2012-08-23
0,Messieista,2016-08-12
0,Ali%2520Zee,2017-04-10
0,jacques_souvenier,2017-07-09
0,Isco123,2015-08-06
0,levmnz,2015-06-07
0,Sprezzatura,2017-06-21
0,Bobboh,2016-08-01
0,mathewgeorgek,2017-08-02
0,Rashed_Zaman,2017-05-17
0,Jonny_Ruffo,2017-07-24
0,Synergie%2520Shot,2017-04-26
0,Rizzo-121093,2017-08-02
0,Christiandi%2520Poltack,2017-05-22
0,madridista319,2015-02-11
0,EL%2520Terriblayy,2017-07-16
0,Amore11,2017-04-10
0,Tommy%2520Kulkis,2016-04-12
0,jcrespo10,2017-07-06
0,cbmonty,2016-04-27
0,Sudip%2520Majumder,2016-01-10
0,JuveSonic,2017-07-15
0,Abdelaziz%2520Mohamed,2017-07-14
0,wolfpackallday,2012-11-06
0,Vineet_Grazie%2520Gigi,2017-05-12
0,Stryami,2015-04-24
0,NightHawk666,2017-01-04
0,Eyephy%25201st,2017-04-15
0,Forever%2520Barca,2017-06-01
0,barcazealot,2017-04-18
0,dfloMN88,2013-08-07
0,Gio_S,2017-05-24
0,tylercampo,2016-05-22
0,Luke%2520Lee,2017-05-15
0,JeffreyJames,2016-04-15
0,realforever11,2016-07-16
0,juve11,2017-05-22
0,Elbarcelonahastalamue,
0,Cannon_Fury,2017-06-05
0,Chef%2520Bob%2520Riccioli,2017-06-16
0,Ale-LaJuve,2017-04-20
0,AgathaA,2017-06-18
0,VDT900,2017-04-09
0,Cyb3rtr0n,2017-04-11
0,garett.kerber,2014-01-06
0,dangerman876,2017-04-06
0,SlightlyInsaneMadridi,
0,Astr0nald0,2017-05-21
0,ervin%2520panda,2017-05-24
0,Prince%2520Al,2013-07-24
0,LEOSentMe,2015-04-25
0,dax1897,2017-05-31
0,Napoletano,2014-10-20
0,LucaBrasi9Tre,2017-03-02
0,Gio821,2017-04-04
0,Bithal,2015-06-07
0,Bayern%2520Supporter,2016-12-11
0,Chris%2520Hirschfeld,2017-03-03
0,mochomites1981,2017-03-13
0,Red_Lead,2018-05-03
0,Ahmed%2520Al%2520Ibrahim,2020-02-16
0,Kuber123,2019-08-25
0,MikeySteel,2018-10-26
0,builds%2520character,2011-08-31
0,Darius%2520Fabian,2019-12-02
0,matteopagano,2020-01-19
0,Lotten,2019-03-31
0,friedcoolgoose,2018-11-09
0,KiloRomeo,2018-06-27
0,Giovanni%2520S,2019-12-02
0,rob189pk,2014-06-22
0,FinoAllaFine282,2018-10-05
0,ABCD1,2019-03-13
0,NABATE,2012-03-09
0,SvladCjelli,2019-08-05
0,munozjs,2020-01-03
0,juve10lf,2020-02-10
0,gtu2004,2018-08-16
0,Sivori,2018-10-13
0,mbtesq,2018-12-27
0,Noiram,2019-08-07
0,Rizul%2520Kumar,2020-01-10
0,TywinTheKing,2019-12-15
0,CalcioJuve,2018-12-16
0,robertnhanson,2009-07-31
0,sri8707,2019-10-31
0,bobibg,2019-07-26
0,rabram17,2019-02-20
0,pointbreak,2020-02-27
0,brondibur,2017-10-22
0,Mohammed%2520Al%2520Ram'ah,2019-06-26
0,Ashu_7,2019-11-21
0,Adi10,2018-06-25
0,floridapmi,2018-04-17
0,The%2520Tito,2012-11-06
0,Dommacforzaj1,2019-05-22
0,Vishwajit,2019-05-19
0,KRules,2019-03-16
0,Cracken,2020-02-27
0,Milan21,2019-12-29
0,Josin007,2019-03-07
0,KaptenAwsum,2019-08-13
0,Uddipan,2020-01-20
0,Riccardo%2520Schimizzi,2019-09-20
0,Blerimh,2016-10-18
0,Juventini92,2019-04-06
0,SMD_05,2018-10-23
0,AngelL10,2020-02-03
0,TheBronzeVillain,2019-10-07
0,Russitano,2020-01-01
0,Royal%2520Viking,2015-03-18
0,Mudda009,2017-04-11
0,samubal87,2019-09-21
0,Myducatti,2015-08-26
0,juveindia01,2020-01-02
0,g107,2017-08-27
0,Timeless%2520Misfit,2019-11-22
0,747always,2019-11-29
0,viraj29,2018-05-07
0,G.PREM,2018-09-26
0,ProudofJu,2018-11-08
0,handre101,2019-05-16
0,antoniogaudino,2019-04-15
0,Boyfromnj,2019-03-02
0,depp05,2017-09-03
0,Naman%2520Puri,2020-02-10
0,EmilTom,2019-11-11
0,Practitioner,2019-10-30
0,pirlothemaestro,2019-11-15
0,Ejmarcus,2019-10-07
0,kostas_juve,2020-02-14
0,YoannM,2018-09-30
0,raghu%2520boyapati,2019-09-28
0,Fenomeno%2520Vero,2019-02-20
0,Flame8,2019-10-04
0,Vlad%2520de%2520les%2520Corts,2016-08-05
0,Frank#7,2011-09-26
0,sexyhunk,2019-07-10
0,Referee%2520for%2520Juve,2020-02-08
0,cALEXico,2020-02-27
0,Youngman7,2019-12-02
0,Kross_Ronaldo,2018-07-05
0,For%2520Whom%2520The%2520Bell%2520Tol,
0,HookEmBelt,2012-09-07
0,shergill7,2017-12-23
0,Shady%2520Rys,2019-11-26
0,Bvb87,2017-06-17
0,MaverickCR7,2019-10-06
0,JUVE%2520-%2520FINOALLAFINE,2019-09-10
0,Frank%2520Mo,2019-04-19
0,John%2520Nkurunziza,2019-11-27
0,blackmankitteh,2015-08-26
0,edelu,2015-05-13
0,jony10,2019-02-13
0,peubraz,2019-11-13
0,NigeriaPrince,2019-10-01
0,Ken_Oh%2520Sama,2018-12-20
0,hizmaster,2019-12-01
0,Blazing%2520phoenix,2018-03-05
0,Идіотъ,2019-02-27
0,Agnik,2019-08-18
0,Bayecz,2019-08-18
0,Samraghav008,2018-09-04
0,juveindia,2019-10-31
0,Stylebender_CR7,2019-11-06
0,Anything_but_Rayhuds,
0,JUVE%2520Denmark,2019-10-23
0,ss053,2019-09-24
0,AS75,2018-09-30
0,MLG_Bush,2019-11-19
0,stefamo,2017-08-24
0,johancruyff1999,2019-06-19
0,ReggieBush,2017-12-05
0,costi_tcc,2019-09-18
0,alan3224,2019-04-16
0,gram7480,2015-05-24
0,Justin%2520Soforo,2014-08-07
0,Juve99,2019-10-13
0,koolbone,2019-04-21
0,bucky_ball,2018-03-02
0,Doomed%2520Jerry,2019-08-19
0,Mario%2520Neta,2018-12-07
0,Carlings,2019-06-26
0,Sami%2520Khedira,2019-09-13
0,CP______3,2019-06-29
0,Ai121090,2016-07-22
0,lortega,2018-10-09
0,Joseph%2520Lam,2018-05-31
0,yuvip,2019-05-17
0,Ron%2520Russitano,2018-08-28
0,Tequila%2520Mockingbird%2520,2010-01-20
0,Benjamin%2520Ronaldo,2016-10-25
0,nyc_nj,2017-02-25
0,Mister%2520Goods,2014-08-24
0,baly786,2017-06-25
0,AveFenix15,2019-03-08
0,AQ10,2019-06-22
0,Casterly%2520Rock,2019-04-08
0,Delpierobaggiorossi,2019-04-20
0,GentP,2019-08-01
0,znmvl,2019-05-27
0,Kissimmee%2520seawolves,2019-04-24
0,Analytico,2018-05-27
0,KiloRomeo79,2019-08-05
0,timisser,2018-08-02
0,What's%2520in%2520a%2520name,2018-11-10
0,Jack%2520Burns999,2019-05-19
0,Yosua%2520Erwin%2520Sitangga,
0,Ats290,2019-03-12
0,Arrigo_Sacchi,2017-06-28
0,rak_strong,2018-11-15
0,FootMan101,2018-10-21
0,369,2018-10-06
0,Best%2520is%2520Yet%2520to%2520Come,2018-01-26
0,Chocoyo,2018-10-08
0,Juninho,2015-08-04
0,Amankwaah%2520Solomon,2019-07-17
0,Nasty%2520Effects,2018-04-28
0,Interthedragon,2019-07-24
0,Erijuve7,2018-10-02
0,Eight%2520Lives%2520Remaining,2019-03-25
0,het05,2018-04-29
0,Zepa%2520Pires,2019-05-27
0,Crow%2520T.%2520Robot,2012-03-01
0,Technical%2520and%2520Perform,
0,sandeshk89,2019-03-31
0,I%2520Climhazzard%2520I,2014-04-08
0,Sebastián%2520Quiceno,2016-05-26
0,Mint%2520Chocolate,2019-05-15
0,Victory%2520Valde%2520Hamushi,
0,ilikethat,2019-03-28
0,Last%2520Guardian,2018-07-28
0,philessandrojonesta,2019-05-13
0,corven,2018-05-17
0,ejsai,2018-04-02
0,denyp96,2019-02-02
0,Del-Pippo,2016-08-05
0,cheuk%2520hei%2520ho,2019-04-07
0,Excommunicado,2018-11-09
0,tedlasso96,2019-04-17
0,Bullockcart2002,2019-04-17
0,NedVed,2019-02-24
0,cmygqz,2017-10-29
0,forza_juve,2019-03-11
0,Karnaldo,2018-10-20
0,Lajorm,2019-01-11
0,Mathematica,2018-04-26
0,kika007,2016-10-15
0,SK_10,2018-10-02
0,01_KS,2019-02-04
0,Auer,2018-08-24
0,elpibe,2015-10-21
0,2005Cule,2019-02-06
0,fox.barca,2017-10-28
0,forzapirlo,2017-12-24
0,Joe%2520LaRosa,2018-04-04
0,Paulinho%2520blauragana,2018-02-09
0,Ade_Damola,2014-10-18
0,terrybee,2018-05-31
0,Boya9,2018-11-09
0,Osman%2520Syed,2018-09-07
0,The%2520Raumdeuter,2018-12-13
0,Jona1899,2018-10-19
0,ChocoLatte,2018-10-04
0,DonBradman,2018-10-08
0,Pringle%2520Cristiano,2016-04-19
0,SetteNumero,2018-08-31
0,Duck%2520Manson,2014-06-18
0,madrid_always,2015-01-19
0,Napo,2018-10-03
0,walterbar,2018-06-14
0,OnlyKingCr7,2018-09-15
0,tommaso94,2018-08-17
0,ItsRik,2018-09-12
